video_id,target_day30_views
7400582591771938090,864.4148579896537
7403167206978374958,530.0553328203384
7435124823820356906,2842.952627345501
7409800970143714606,735.7924147480925
7410935177553333550,674.699154714739
7432809888033656095,4074.495578547449
7405432909278022955,75119.62144396926
7384996099955756331,831.7726334761022
7421705386400517406,137827.93770338086
7414296612047965470,1058.9922583467442
7405005636637084974,4888.142103220709
7395033235912265002,424.2921888604856
7406526842401754398,559.0292356846653
7402767039548362027,3087.4443344016863
7387202628826008874,561.2125576052564
7435131105532988718,10249.971863451696
7396537190651677983,1456.7422504687954
7415091981367479595,553.540113875537
7412051047176359211,23513.20674684444
7402406665280048415,1361.0791599606573
7405803040613141803,8139.975497649087
7407214747952663850,813.8733608242375
7422061083000589614,646.3258794139265
7409483348420365614,922.2107993227526
7399134846527868190,4618.05643786351
7398308009585200427,2700.5040622552674
7387968848881880366,2493.335563315723
7392787323831864619,1458.9072886428207
7425026165921844523,930.4543749605617
7392370893202279723,441.1579737801746
7426170246320426286,15012.751700831363
7418401395553864967,2254.8488166733605
7385679521246121223,469.96433869461936
7395342453454458158,6072.378240420208
7433936792929209642,2362.687320375775
7418353610259500334,1380.270068958945
7386109379944271146,2369.2781854784484
7428787675060194606,1910.6792945754462
7407207575680208174,3412.422609906484
7393145639640501535,1106.4469093369169
7425088749089885471,663.4356749971538
7435474047145659678,3191.911179895752
7402046304215371051,906.3234853915312
7434382150364826910,3295.1982384565354
7426899228078722334,464.9724186558414
7423959756324310314,2166.6491054614744
7399096884222102826,204951.1841670506
7401682493629271342,983.0914442864098
7418739347882560811,53015.735197781214
7400612253604613422,589.5719947034466
7410551298208320814,680.7683407946876
7422834143098096927,3753.052812958728
7420976675564834079,430.96108559248654
7426577071427767598,212.98907923748072
7410943285612563755,2903.269477827412
7416901150449929502,903.6834844113522
7428366024162004255,4471.408694566379
7418358321180134687,811.1379634235791
7390964003364670750,981.0286548923599
7387204071054200106,33507.733602023975
7386453463162572062,7764.331894814449
7435057046040431915,10616.166467097966
7411363294361013546,688.4837075634173
7406460963798437166,666.3621344265998
7394633431608528171,889.3605368157721
7399101881882119454,666.9956959185007
7417674637351472426,1608.5999324045563
7394640227144568110,2871.9036501729493
7414995501646646574,1541.4817938443246
7411672167026527534,796.5649649920326
7405433554634722606,935.5517890376524
7423902517496466718,1153.0382123487605
7415749879533833518,699.4257816837802
7399810513766468907,138147.3450775526
7400238529617399070,1077.463136235285
7421350699532832031,14812.995200715866
7402078657465928991,426.512626751064
7392808673279528222,18914.96865588263
7415404124210056490,2678.802910249045
7424703674397642030,16667.877777011774
7419489999558659359,161292.63512222646
7387182041995119918,45918.64784596795
7395049091043986730,734.9419096219772
7405754593310788906,4745.738478680128
7386835238007196958,587.6679652345377
7428371782471748910,862.2838968396203
7410622195556240683,575.9402693667203
7409867497534426398,673.2938614487239
7404237097919368490,628.7814491055002
7433974466306247943,517.0811686828524
7428754759886097707,1328.0173658699746
7429095385358175534,50435.4559651148
7434774989301239071,7344.178345168131
7432845982120807722,12133.057677829698
7420586737040133419,1299.1267900557364
7386805031988759839,904.078302641059
7399860960682593582,12914.569297613414
7399415688378600735,2798.215107395196
7412400413778939167,885.45397419054
7398299355205225771,25533.784963832095
7391627587631467818,874.4108722590703
7417607977567374635,2078.04861877887
7402396772443737387,11470.360250061609
7402042601689386270,747.6152968330614
7403118620764622110,41847.41827434176
7428081974922824990,459.9148929452275
7405416980687129886,631.289447413397
7422057833253883179,289925.02696178097
7419135592329415978,601.1945729906818
7424004112133475614,426.1556535382031
7385784706400324906,657.5885974662974
7401295918844185887,40204.21343777136
7390515745320373546,7191.382992469584
7418740691058216238,4565.129460316248
7416905632097357086,532.6579554358598
7429465720859233566,1500.51844641755
7386422957406506283,726.2504768563538
7406513564241988895,1141.9287962459355
7400537117132148011,711.6795912205788
7429514662275861791,1023.0763261028338
7413606141797715230,2595.0087427230715
7415747895900556586,5961.2988594360795
7433258385459514667,14215.337626135839
7417597951901568298,1769.8245630982576
7419101882007883054,4135.740756780219
7390556921536793902,16647.322799045236
7386834163959221534,947.7110916195102
7403170967855303979,1323.3230341868145
7405750922518744363,137176.19588162896
7395354004898827551,1418.8578289973048
7386810389679476014,1113.275464286715
7418032489047936286,1692.9272874369276
7429183279326137631,4680.569648020124
7433298495043456302,155.9543169037238
7407610179648261406,854.4832043281631
7425044410687081771,426.86510816075156
7429508392458177835,987.4268039948915
7384593247043210539,19832.014853206612
7403119942674992426,4353.75337531392
7396524940805131550,637.8959726307604
7395003414947597610,422.9066690328486
7399125064660176158,2516.9317041615204
7418707411667520810,13431.20675807496
7402014296873372934,1432.795742945679
7429551240448707871,627.1817117157314
7405075980164877614,25073.39189327896
7434755987778719006,390.10400795450823
7404603897848794410,1090.5952962155427
7427305005612272926,1332.7879552847212
7407617294114917678,736.9577449912695
7384597663850712366,1408.19653446599
7387184300464098591,1462.0700176934595
7422835664300854558,13968.130747754289
7403571035041172766,51134.70450682266
7427704270004243755,198.09956461770608
7392013834191424811,1194.5336742436339
7385388623253867807,422.06624769329545
7403157322547137835,1397.5743977811126
7435126104500784427,853.4381554210916
7402410113312492830,555.8489218912997
7428442114956004651,450.7288100065719
7398018597068573994,767.9203488347839
7420195608205511979,37504.62117026525
7400568447739956510,2502.3207469470563
7393500623703919902,3583.3971747733667
7384197193470676266,7515.856075090716
7425819627881631007,2769.113891246746
7391988856859413803,666.562916902035
7394959859441028383,1561.7881804335143
7392389808795946270,1713.910406549184
7408689871612546346,1412.2034306374903
7426534462911089966,1191.4651292000806
7405760048045018398,1060.153166579607
7429487386511314219,1818.6172158670136
7400903317452377386,780.244230538786
7395349807084260654,1177.9183736526743
7386427295763811614,779.4938771523135
7429142783031610667,39902.34782321157
7389824480929041710,977.86713889445
7384994809880137002,755.1793141067424
7399799011646967082,1050.5752149260625
7427255125485309215,654.6119651160969
7426146829030477099,235.37976833854154
7435085768453868843,636.5345349719279
7385708038809816366,6880.089905289007
7423174539900865838,357.43197583679233
7412028030144564510,1485.196116048919
7428790097413213482,3446.532324691604
7402453012570049822,280.7156861822299
7392401531842153774,872.9583371367017
7404605429533281582,2031.726891776875
7400968131398651179,535.2582673800138
7429536498334125342,1096.39928667641
7390528032202657054,1452.4698146869468
7400190911205887263,655.2543676120561
7433605080915447070,564.7104651823336
7425421366616247595,1110495.9560944843
7385708418293665066,645.4379608157383
7423179464898579758,610.723996690107
7388354128382151982,545.7349522154757
7385042701953027374,18037.773215789326
7392038251499900191,3888.891483319166
7420996934216830251,4846.585589327028
7429188930160839978,2177.5277372655655
7391620705374276906,468.5061702415127
7408701167305379115,2232.338476526259
7394227723796761898,1479.729616204772
7387939062126021930,1588.3449403629386
7432881873254239531,9135.281137061711
7422145468760673567,1945.2294294772714
7400936062324968747,1993.7382923275786
7434347745135037739,419.8005467331543
7397256243208834346,14915.706021736833
7406532297777876254,610.0545485161737
7393131409604414751,707.1772818922198
7410616747654532394,2809.9069555211345
7424655538329242911,2561.936706704724
7435118899743477022,433.4340625828569
7386443898270256426,2389.6863463562713
7400537701524557099,757.6138453482644
7387941161249328430,763.6698399671814
7390180777595571487,967.8490601044435
7405078626628013342,866.0018932877978
7426529114862963998,13851.093000031617
7386820472593370414,1325.698290537339
7434681648970714411,1054.1120576659544
7389027260826684702,621.6035195529546
7428767632909962542,1056.0507744221593
7392397597501148459,87931.29472373167
7408016031983144238,1560.7138818483359
7420970955939400991,137987.40882256426
7413938820191636779,634.888428362687
7418008443040058655,588.1865324256846
7392392274816159018,1695.762797712431
7423180516393897247,640.0182109203193
7395005246159752491,1438.2509228994625
7416917268908674350,551.5475621221021
7387975451173522731,683.9866900633008
7429525800497499422,451.4185994357943
7425069066311699754,1308.0739803641952
7411331198053584158,10106.937557465413
7420204643348811054,599.8562570323179
7402756653801590046,699121.334646743
7422852768647482666,1065.2332757487975
7428727887777303850,568.9797579241048
7410199291588807979,5234.623041221135
7394968268567481631,1167.8490690586564
7410956772648799534,536.782492330567
7406546018109558046,1941.627715647231
7422078732065672491,1043.4465694398896
7417294048228134187,216693.74827495965
7409852350698966315,451888.7843065943
7394960086201863470,880.5227696102069
7400913972762840362,737.8146415590925
7412049352065076522,708.3268449092832
7405033536081628459,762.261672757494
7411005232026553631,1536.054058430475
7385030378458795294,287.9498720489229
7399809501030829354,831.2954301033491
7398747883777936683,764.7033304916135
7407965474635664686,1781.8653986468887
7432907264069078303,617.2229540011568
7413508837736549674,127865.56604911893
7428031998515481887,1669.1834971544104
7420235476117867806,829.3162615428457
7429495899027655982,45671.98068079575
7413598688884297006,343.86449444860574
7399490260452855082,977.9535062042085
7417647768728046879,1431.3957595073584
7414334985060109611,807.531579452074
7392762322667769118,26857.183870725792
7394623624965000494,10209.339690029705
7400595520424578346,757.0951382800959
7407608564271025454,2341.674185793582
7427656492729371946,1212.192147329858
7427994394915065119,15636.118381762612
7411689535488199979,1098.365609817327
7384957309576809759,625.0883750994881
7390177484827790622,742.1326358215994
7419844303398178090,611.1642046557112
7405036418600275246,651.285444063089
7397198664294288670,409.37012933249684
7434712238608567598,1605.1377651791802
7394959055652932906,759.0929005007464
7400532286430645546,1304.741039046188
7410175337646132522,683.4960558928012
7395046297935367466,4817.436216780793
7392751274820750622,20925.000434622234
7395414429183003934,622.3137896302198
7418004597601586474,726.5952558964525
7399428049315401002,496.10632183779455
7403136001821936939,734.1429121331738
7385339319537634606,1246.1476087789968
7398696636412628266,606.108091733592
7422081620112346411,19010.969188856077
7395756149515111723,588.2678781996378
7415445913704926506,642.6211003953811
7400254248883096874,88462.25875926012
7429540747432561963,1116.5481663156781
7389764738965589279,471.79428586582753
7420592303825227051,37451.30489520707
7389403396215721259,1576.8473958672057
7409145825797901599,692.8922593984923
7423212846521027883,832.1633386392051
7420261050337217838,514.115223828141
7394610117183917342,17569.722580232286
7433954474235940126,294431.4917702064
7421378987148037406,851.4782792284647
7384575308319509802,1120.7778713987052
7425417968772861215,14422.340734761246
7415448300322655531,1783.8821639095818
7394304560434597166,1697.8292850083092
7398700283506838830,503.86217173188686
7412041491641584927,779.3450691078746
7426883927329000735,3853.3158020093633
7403497455452491050,1000.312625026982
7395801216229330206,582.9760428122776
7394612767757471006,2532.3593724050784
7414994317258919198,357754.9097568763
7415397552939420971,1276.105075426532
7395352300631411998,710.7405344492392
7419834661708238123,1129.1573527238702
7422813374213262635,1003.114440019291
7389091579316981038,10957.602546026608
7389486626503757098,625.2198173476337
7387933753944870175,337.938718569479
7396163828511395118,789.3617565495476
7420608648449248543,5958.299884147128
7392766090905931051,18453.427915502813
7418431055541128490,551.9720334220257
7423219891802492190,416.1068103350531
7433964421753474346,154686.0986206318
7407995977350630687,774.7887192312254
7421773158308384042,1671.0701784686266
7413919495514869022,663.9454382388165
7392057702962253087,7850.153429675787
7401697666700299563,657.4473514352712
7429507538544086315,2664.9989403104264
7387967752755105067,1220.2515995221772
7398334195405294891,1387.2712501334456
7423231507571002666,2787.0475734374813
7389097864774831403,2195.9935011045436
7405070388075482411,8031.2442130203335
7427635514955681067,649.8558326045899
7388293919039048991,374.3526032246631
7426181853121383722,1458.644117235849
7421392218679774506,606.3114729574364
7410985484731665710,737.0387932677206
7423608542239804702,4409.624102915302
7398339831627091243,581.880062640059
7427294163944721707,878.6429283106515
7411295476340886826,7749.70165261208
7404240406524775711,1012.2645767752994
7429495389381791019,463.8439636084208
7433941383028804894,162181.67916837614
7388302551424273695,1802.977738730959
7397213980906802462,837.4579622733282
7426925064852950314,1148.9138559324651
7387628532383452458,296.4356036205291
7409060904953859374,16711.564371611134
7401642893900893445,673.7340203618553
7385340393581448494,1328.1542455243107
7426872690381737247,627.1763490360237
7398712566375075115,1647.7807551490423
7398007148438883627,1700.6110566364184
7426929611105193262,701.7187771855432
7389395496760036650,3096.685539771594
7428030705935994154,88485.58778102108
7409116690690198814,6756.888185827455
7427247033351720238,925.6748307601513
7416891123186126110,775.1959678656688
7421360713245101358,757.0931827626525
7400575083112172831,8953.011287898986
7395742464155487534,31750.865267488527
7422075915041131822,3703.3495152197147
7402473512465698078,779.5636725591781
7413527230707420447,2534.6168512463473
7407630574699040043,2007.8231207643075
7418407464669908245,659.2818323902223
7398349927606127915,1397.804753388364
7393879715712421163,1136.2453190605092
7415365949727067423,127325.29015567643
7403932720469904671,733.8451390644353
7384290945795132702,1413.2220548572895
7424661727138155807,975.0008251269886
7415441162653207850,1115.0423067310844
7408375049180286250,2453.426754149694
7397586988041358638,705.5550921837695
7386445772125998379,213937.40714194239
7424270636438113567,1319.1632659733518
7402393875828051231,176874.10455907602
7434334299891027243,747.6554446779536
7415816225286049055,1118.8701684076595
7411661711326973226,1134.9418971179216
7422051463226002730,2741.232288170233
7417322506526281002,71.51518067041076
7395777305232035115,1109.6177782390912
7407235816231079211,585.5992844774099
7385700400219032878,953.7688751058097
7414667383672999210,2440.0245297308484
7425107228211809579,19246.75895992379
7386847268080454955,3176.3297217241798
7391290658176175403,5969.146849400047
7397987724830969134,1796.1525554639775
7423623992394779935,2043.5480425078406
7385745527989603630,2906.725893412668
7423217345629392158,363.2856356442052
7400524197547592990,2130.6307494199805
7424282716209810734,4674.673667680691
7416154005153271082,491.4348942277733
7398335505793813803,3456.184707300777
7386435551223631135,844.9754333813133
7385374732767759662,110700.47957903681
7389826284668505390,27095.440495284536
7411752599377988895,1920.433579205406
7396134872953195819,620.6891783008349
7412055821032541486,3990.753791126453
7413896742053170463,7002.54308945464
7387198951574916398,1990.7035848797693
7388701496424107295,494.3193223878893
7388296821514423598,716.3033255156265
7434736587876912415,2181.803892014863
7433607368463617326,761.7561121872169
7410549670939741482,1461.0792222080006
7425054744852417838,53769.94416894531
7384620730752814378,151703.31520608932
7416869876393872682,1020.6255078546368
7398766701501877547,1149.4163701183504
7429541108167773482,731.4732948810483
7390156670422371614,617.8296701892268
7419485885177007406,530.2613542298487
7385372761553751338,1079.3562745566703
7385758657138543914,167926.54703153743
7396915871408606494,734.6900497785342
7384205914791841054,2092.6006758548956
7386438802920705310,655.8353374732533
7427989116983233835,687.4035210819028
7426570865447587118,775.0463036934424
7395326241865420078,92691.85981717547
7423911282526489861,800.8406157932483
7395018022962318638,1439.6926171168752
7398342470494457118,1255.9735009831543
7433596551739575582,618.7015251730509
7384193851700956447,5045.034471333021
7410947420382563627,1647.4546440759664
7387193752521035039,544.8665767439218
7400952784071298347,915.0431937806611
7394614531265154346,1739.745812410548
7434736299304553758,932.1887780704027
7402392058461310239,766.646680833964
7393934196844039466,15301.886795380551
7387608580414803243,2429.66882100772
7391333019010829599,810.9518734795095
7387257706450619678,689.138395005554
7388359966370893087,2896.50498695013
7384993289147059487,1565.9283462983396
7421404759460023595,1618.3405714397409
7426524693139803438,152026.77493991086
7400569448421264670,5077.54791209561
7421691490625178922,1084.5132749420627
7421326589612346654,476.66271007920534
7415019093507558698,21272.295462958722
7401330867563531563,1170.6201817107992
7394988969085177130,1057.7552380147504
7418041399553166622,9576.999240251545
7420210658639203627,37830.46116601271
7432838520198270239,1946.2821521036133
7433619569496837407,591.8937144364577
7435496840549764383,305.4401471378252
7384261918338469163,597.6290270095536
7423923595925114158,1374.3694951424006
7428010528275959071,2923.542793011787
7413163917121211694,555.0693743970676
7404306277976788267,2147.5695297565344
7384568214904196398,524.8010975771756
7400931668975996206,80157.23074867901
7415035847717915950,683.0200095290384
7413935453918727455,559.2110181144263
7391290115735227691,6081.05286661967
7384600223508663583,193334.14489531954
7391339380658523438,7048.5748642553835
7403132688502131999,653.3858013825784
7418710881573309739,615.6248697580603
7389083608171957550,1615.853686569575
7420581229101206827,20881.01060523073
7399788370420862251,56735.76757019322
7388726083849571630,667.5382783214175
7385685044993608991,455.95717949965785
7402418576382102827,3133.3704227645267
7400589294718536990,11704.71772394143
7386843181629033774,1626.7062216980937
7401295239098469675,435.50039771141894
7397243510618852639,463.9287497674361
7423919094379973930,1455.9657683240073
7413153773347966239,711.2458727398991
7391620637254520106,498.08397115816996
7403548894824516907,814.6427350391567
7409487330949467423,10145.068906694127
7411312786732797230,1113.441864457171
7405430892191157546,689.6769725448952
7386099410272488750,475.5151073971306
7413143559324437791,4714.455239851299
7413925155686124843,1246.6365969283597
7416917118949657886,986.5375667758512
7403181042359717163,705.9184715689443
7429459156748307758,7027.326715997966
7426873679767850286,1742.226028715598
7425766248954252587,1159.9035713815101
7404999414785363231,1515.1414294687647
7393100378729925931,1326.61538884332
7391248175408958763,672.8593675479992
7406098033580051755,1099.4160951812125
7407948888268623147,169622.59792251245
7418348844762598698,773.9406924854527
7425059684563897646,1050.4858625018962
7392399378205560110,29224.78956525101
7412116772750511406,580.3918609661687
7413584649181531422,705.396624975433
7434719154583702827,1627.1262859372991
7384668972089740552,428.0645971712272
7403546718022765870,2301.077441077701
7414266674393746719,849.2624001425276
7411292592937372974,917.0335541980496
7424318469522459950,395.6989208909826
7394316887674375466,33265.552497024146
7426889469862759710,487.8493955526941
7407995827823594782,618.9535333422265
7433291010924629294,3161.5179147383815
7395755756827512107,712.2152076296283
7426938990869171498,709.4152924275717
7407961383704284459,699.1543926189927
7415762833620667690,26138.77472688
7415765026927037727,17684.55196375061
7390884805698686239,470.06182705581136
7389035149775654175,1287.7868328361121
7415801296726330667,41848.577187585295
7405422873508203818,34138.10110183375
7388743114581773614,1144.2881753450565
7404245465140645162,1289.3963173073134
7388283704508042539,3291.5462668445425
7390181099835591966,542.6435870469866
7422891211985259807,609.3099218890852
7433252033542589739,1669.0280432547454
7387181363352341791,526.1185046221958
7406549649789603102,846.0280199790712
7433976974416153898,1019.2142333992468
7400563587405597995,1170.9235980277467
7390534465770097950,2767.377813519826
7412067333780426026,674.429115968571
7433635785645051179,1733.5856460180735
7402382030673055022,1885.7852688191158
7429095146538536234,42890.32696115727
7384603756479941930,2217.9765564115633
7415058600189545771,800.2314779976477
7399800966586912030,1191.952016694854
7418339401505213738,4138.785096953002
7427670441776516395,2338.4779655638663
7415838639428554026,986.4620162965433
7415094777110154538,648.1368809689401
7414688650421701919,904.9463099430849
7416119166949723423,1251.2211516787795
7425776657769729310,973.7041249376368
7403547370861923614,9483.405231635095
7403165429197278494,385.0308747387636
7397964768516115742,665.6305636484257
7402033494806777131,1005.2013976955471
7384663720175242542,531.4381138498837
7425019239548865822,923.9884962947588
7394316065599180062,436.29359152318324
7399413726488628510,1056.596266720103
7403584029187984671,2599.5418660141636
7390905975344991531,572.7084435535255
7392402919578012959,691.5149926213955
7405814428379270442,845.3633803306739
7428367426028342571,2162.1336398414414
7398316817531325726,22309.548378304593
7427648909754862891,822.6480567467866
7415081871450656031,29969.897063165947
7384277925463510318,3215.1012868632242
7408751367034047790,920.763684101374
7432869346449362219,23933.5353991563
7403497795463777578,440.2869021057019
7392764616062962990,664.6486050452004
7400556163554692382,3125.1761679159986
7402789043211128107,705.823663982695
7395337594881477931,438.46799399899305
7395420708467232031,533.3207340123089
7403593622861516078,325.4134391560893
7393946839004794155,781.9293382175274
7414311119189462318,1759.2620170320965
7387196035103214878,1057.4052247289285
7428793083506052382,2718.3616027719895
7419150148187589919,980.024183460213
7417273060002123050,678.1249999629199
7385743995181321515,734.1176023614847
7397223426856979754,713.2579065682565
7422079637863320862,368.7953232152032
7413917731592097070,243.9289271595984
7426531577808801070,614.8309457225477
7427274662163533102,1511.672669231882
7392066331648068894,425.6491491386356
7402383238905302314,5219.851206367722
7427276776709098794,11305.242611228263
7398712029931932970,1741.3587465686337
7399448619532733702,17178.82231695547
7433233099690986783,1229.9587466710298
7402797592943283498,10383.290513555103
7406505388834622766,1010.2101704849148
7396821962171059502,1586.9304042201657
7402043768297278750,809.8943996304016
7384194754822655278,620.5489003364553
7386432036367650054,1741.677968568942
7426514326036548906,149604.68317280564
7415079821300075819,1566.8717279453842
7408699443857411358,659.996391542055
7398686249046871338,1266.8287717698636
7398372832620612894,61342.26992422452
7403915084398873898,446.28939728418027
7433988853066714411,634.3171480041249
7384970458115902762,1149.1511996872716
7410185562734300446,2813.1378597164494
7423200412074806533,712.698547057116
7412404598570339614,3642.595496837951
7401298171319667999,565.1854881773463
7390185779521146142,678.1532964892767
7408686969724669214,375805.49611420947
7425023634210688298,854.139039771004
7391642926847167775,5369.320312110289
7420246646199471402,17452.275683158852
7429101009680551198,5420.316216099654
7384200334689848622,587.9419020978528
7403871159160245535,1809.8503685599594
7402826894904790302,454.9219492378181
7410591861070662958,21797.914505628774
7427284374707637534,123.97592819579184
7393187470420004127,412.82577881032813
7414659951009844511,1188.5423019032708
7405357237851409706,529.1836020853987
7413539903545281822,1140.5191739240681
7386892633957879083,767.0341746274707
7413896132264201515,1223.8326894446068
7414707552899845418,1181.317143657074
7395786015950081322,1144754.2317526273
7394262789302373675,1326.9874382242658
7402806057942142250,1106.4360817989827
7400960437375831304,539.7493863981297
7426930983737363743,911.057760110999
7420278984786611474,1985.900464225386
7405761825146473758,1097.8782637817717
7400895229508750635,672.3225439627224
7415086687988043051,606.7275987442484
7391688475646397726,846.3498934202188
7411698892447829279,526.5865640008952
7406532633108303146,1015.0223708369974
7423973132949720366,1290.6042557842686
7393108657082322206,4083.4354105908437
7386852423345720607,1024.6313432425363
7396884785802530091,482.3844135032671
7385369497231822123,1949.9026783186268
7391256241835609387,775.4870381718189
7409512035186265387,1857.093552200411
7411354476956683551,874.4883053532925
7386147782194728222,698.8176999130076
7396904852934413614,1538.7543058513293
7405055879369837870,1005.1859245456274
7386072032674434346,2170.787690998321
7426872257114279211,3210.8183171281344
7409144043441098014,289.0414215690606
7409129417882029355,1669.5718922618844
7398297302575664427,4207.799402108249
7403896836743875870,699.664140028692
7407986364484046110,1014.0244310544851
7391694498314702123,1321.7195033512776
7398304513272073503,36564.27855605255
7425770443891641606,715.4322239854255
7402067709434940702,341.94568872353943
7387987928510680362,694.5771570573397
7421008504464346398,534.1287687671951
7389417793797541150,139659.82395426434
7399831042762411310,670.7512045372263
7426158329686281515,412.50835636057894
7408728957299756331,788.9577134183539
7405411562145697070,100796.20074016412
7407576457066892590,137606.047591311
7418749866572008735,3970.9183394860297
7429517796658253087,626.9663276395554
7416865995186326814,223819.97817093585
7397287435429793055,49048.72052735069
7400176270518127902,4125.8769123256
7391719892745145646,1555.50196694425
7399487779408825642,698.8352463640668
7404638377221311775,2660.5520694592724
7404673995636755742,913.6567547577788
7412042402925415711,838.1272142285842
7386340025107008814,1155249.8663079129
7399508584830111007,661.6739210175751
7387565233822289183,52786.793252952644
7435438213931470123,1778.4509532841535
7428767985587948846,1359.4998957044288
7434026754534034719,138.68049069644877
7417599188210355487,499.61628784372766
7401341884716649771,965.6891277818268
7427983606254996782,590.4412826564096
7393528234501098782,758.7684494196543
7420948790644854047,16633.115187209987
7410172864680365358,3811.387207817249
7407299792600157483,245989.98963424412
7405034913700924714,1181.8882645033184
7390196710544346411,1359.5988379740052
7412413064764575006,192291.32000680818
7407973184127143214,184404.7879256743
7424339078251957534,6026914.594252508
7419078726287117610,650.3668043558241
7435424238183484714,5670.534630399993
7423964646085774622,4674.165608239778
7386071478946598187,1539.9121422637013
7414638235063766315,4783.423293661745
7392752650019736863,3176.171815629303
7416852482606845230,446.2401678450347
7418377541980802335,398.80117865639204
7402069243094748458,4939.590026707633
7424332453789093151,687.1742597783563
7425789599714200862,2266.4044075614797
7423977966297763114,1373.8576552133877
7407637730286374186,4898.595891950668
7419884825940741422,156.72217899722793
7419161558858681643,785.5188402082928
7395052777371749675,1244.4203525150494
7387561824616549674,1562.3106431904648
7427249138246389022,86425.21481173727
7433275244103650591,2771.960101294695
7395400285625011498,159.91109011047857
7388647355962395950,551.7051665388635
7389048708509224235,798.3356949380209
7419094436115713323,619.6241238905701
7400201718429977887,2541.0597877492714
7403172804226534686,1428.6070396200196
7418411105027935518,433.40584587848895
7404623838052404511,1731.3808277798603
7428766746280070443,7494.770135497944
7398371682122992927,342.04389485406347
7386156294199102766,886.9679260944948
7410545982456204586,808.4222242270893
7395042428178189599,672.9324207810063
7407636530405149998,14188.930401361524
7393554802929634590,912.8428766742426
7402836468508691758,694.4647655545422
7423209128522403118,1024.8188821428255
7407944258210155822,2272.334599632076
7414622083524644139,5522.639776566854
7408763701089602859,1487.4617313798299
7402433598378282283,18506.037998329684
7398725174759099690,1890.5459677964825
7428405535503846686,342.247069672406
7394638516870860074,1601.440255422565
7403932221133999406,405.09414436745107
7392766761562623263,156725.9360594166
7399476787375246638,599.523533886378
7400157756591705375,6461.7458989564775
7417972542960373023,4455.7797657707715
7393197780631686430,635.9220227841823
7415007678226779435,3764.9669266995124
7395706313612774686,2010.26076833697
7389770130772856110,649.9165187820889
7434689659889798431,3205.6482340237317
7384594973729082667,1250.6054574859186
7398019184682077482,819.5966603619842
7427346558317890847,774.8054980852975
7412057785577278766,3788.8534289497816
7415072173150178581,422.25563138776454
7435503385794792750,1126.597476447249
7427260861208595754,390.6217322336174
7398392248276159786,789.7983341856152
7396068689914776863,1339.1837942682123
7423212755127242026,623.4617953205941
7407958823509544223,9614.850790361384
7423584028424523054,849.5756551672524
7419877268786531630,932.0388385684558
7433258881050086699,610.7439831594319
7425101285864639787,672.8878111222725
7389845960521682222,5028.189614750628
7395779709537144094,599.633889794515
7401295511401057566,6243.961715529384
7402796367900462366,31120.35394271477
7417635846272060714,912.0863429085992
7419169332707626286,563.252390679389
7392010165735656734,6104.3307849713
7426895289664933162,546.7197141450662
7415763144888323359,496.84321529835347
7423228738034208031,714.2207496769371
7404542212375186718,4056.581838749607
7400985493376224542,532.7486981069449
7385734096418377003,1486.3255697977863
7417278662589877534,455.4093637157959
7411331112120667435,1649.1006070280894
7411310928219655470,112796.57889455344
7395715368548863263,17248.53461113756
7434258973521382698,15371.247521004896
7426189046134721823,747.8141629939256
7429141874134371614,5982.410548734994
7423623194440994094,14752.535523629744
7390936545399754014,751.9507623607504
7429133387513744670,8884.074458423322
7389764419716435246,6547.134438005279
7397193956620111135,849.104471113735
7411367691170368814,355.1016650516599
7395762477054692650,746.4907673777047
7425016437615398190,587.6136315355712
7394615855352663327,459648.22612331295
7413939005420588319,578.0780035153772
7393880922094882054,661.9872790964254
7416159412441681183,4338.352805760507
7395017550293241118,518.1779295393313
7399798770608688414,871.9288499336544
7433982765441371423,232291.6180930492
7406134647102508318,814.1668686184826
7400214362595806510,18058.823937018744
7399073352524156206,772.2001230258508
7419159620918283550,383.74270590895094
7423215929808440607,1108.454845635174
7409483880828374303,810.2463795649478
7385713307610647851,373038.21186212846
7428400999632571654,15814.376970861098
7402732222337535278,12012.549673102785
7424689634841496863,12533.537365957276
7393554921670364446,635.1971862781693
7434745441176128810,849.3716793406735
7400566079170366762,856.6589398474235
7407948989523447071,1267.957918094102
7397584349526265131,201.15919190606766
7391660927092903211,16628.31765664592
7410594067387583775,1206.5944843847508
7417318444028316974,302.09616660879817
7398323764569672991,919.033149989829
7398010996746472747,639.3578810420877
7395335401566752030,643.629725868786
7434780991522098475,97.82518105434234
7391988699791117599,1696.7295159431847
7385003689162984746,316.23501760146667
7425786259534122271,809.1008605937918
7395010211704196398,874.0503509786674
7400531895689219374,9187.987864130972
7390133310950837535,26128.732676728785
7423200157258255647,357.5029481434867
7386829702486428959,862728.0930089934
7427309474060258603,2030.927698665899
7426903547570113835,34155.17659506181
7405036189226454315,1412.1837268718543
7427629577557511470,1135.2811094039182
7409159408741043487,1100.882754707475
7413568124810743070,208.65311160320405
7434384517453925663,5817.855909543232
7392018102835350814,582.3559086197956
7407957461065387294,4786.508568963355
7387252499184471339,1519.0409972772318
7408358508850105631,96624.01326135444
7403519563616357674,1067.53343261571
7424651011396242734,494.73828322539487
7435104195801304362,4569.019116847165
7386884018794515742,667.576708755128
7402832351308385566,2896.5422999343305
7426575357807054122,1832.0285231091834
7424684597960576287,436.61998393967843
7435140435565219102,82.27522579048427
7388009686970289454,228.67387990678938
7407991992879287595,633.2792910973857
7387586660210330911,3106.8836980796063
7426897349458349343,1748.4810326513123
7396894240430624046,1269.8478132597927
7425066746295356714,2607.272547008209
7390235003977878815,863.1061602158196
7408400883169398046,1048.0057736679564
7394595649129286955,7536.614298593685
7413575469129321771,923.3093771903729
7421306885984357675,371.67888361257974
7424680199968607534,1013.7822242607349
7400938561375178014,1281.6344313710779
7425037123956264234,653.9584291612437
7397590936567418154,1197.6699243656783
7409459404308860203,948.5006101285782
7408739302554799403,757.1212461081709
7412481644839374111,1285.525220501235
7384214115461451050,846.1737913387543
7396099421940763950,4372.08783667412
7402025198498729259,2102.870805656722
7393137181398748459,687.907105562301
7405754346601811230,899.501297561417
7416183903733435691,1859.427573534636
7392002998127398186,221538.18495990604
7433631684786097454,210.5259463684768
7414321050424593707,1082.4818492975387
7410924769157074222,831.2686835805192
7424694193810951467,1900.9838366904255
7401360693565410590,171.34298721652507
7413891790165626118,512.2522513810146
7408355235397209386,757.8839935591444
7385690797318065454,835.3035016282718
7416869229963595039,4326.904362447764
7403195763871714603,2116.6172288352404
7389485289271545130,2099.85132517132
7401310296612097323,365.7445990249351
7384254157101829418,1043.4024185444284
7391275954716347691,1453.4296808734412
7414252129126337838,502.9251298264358
7428354375799622955,9315.124581084381
7403595606112898347,1600.3540618174356
7416944729582996767,2766.535902013077
7407618875442957599,709.8326414270169
7394635807388126507,1015.654055611397
7396907049675738399,164.0798258156598
7396087098694094126,762.6358537598567
7410172550564613407,570.6909387534715
7426544227024145710,1302.3632396947755
7427717955279916318,277.7277844980944
7385342068312247583,605.3534634858976
7426076055473032478,49139.95957121832
7419490755015806254,568.382298298761
7417254770290855199,771.4247898653357
7420574225687334190,29781.2175281435
7423616242650467614,2811.418242811202
7421363279575960874,12014.592994143475
7420646745647959327,772.1515836857413
7434000156929887518,997.6100085355167
7429570583446211870,231.04613019801343
7423551981282741547,446.30005895882533
7384255424867962155,998.1765252830958
7411701646943587614,860.204183698956
7389081832677051678,462.1157508487588
7416932844955700526,40930.3084586522
7408768039568690474,1106.1892060023652
7384970726140382506,1895.6082282602279
7429156075091299614,217.86272720683556
7395797378990640427,735.1331729845335
7415405679579565354,40708.251328737315
7414282015484284202,554.0642422435272
7427251367112166662,78472.04434994044
7400567792795176222,2961.7348571937505
7408009000114998570,181338.3801323145
7424734316481072426,466.51345172318224
7403197342783999262,1034.6216421394583
7417612316205845806,435.7190424958033
7425076036582378782,598.809244777922
7408372699841498398,17532.88700947778
7400949495770385710,1777.3458037033536
7389803937492143390,4211.628033708349
7409060728629366047,752.5356342184591
7420995984936815918,643.777451460627
7384295081311866158,9675.970808289212
7434709448045825326,766.9613555262578
7392396362500934942,1259.2598105417196
7407612246962228526,30628.776475938535
7418804365797887278,679.901127522061
7387200823564029230,3537.688207029608
7428367716370730271,1779.17678626094
7395741836356242730,2047.5625971316522
7418340545518505246,424.00205515638976
7427981206282636586,1095.948319808187
7407637457912499486,720.8133440018981
7424670439080840494,3842.3546364893486
7401334079918050591,1473.5261161568042
7429536580676685099,1175.3350661715574
7392371291090636062,666.9787156125674
7421692631220030725,5568.935257691958
7423953349927537962,791.0491350132098
7393150552718265631,481.7871793031897
7398299297852263710,598.7238273699519
7395001656234085674,571.1809098059463
7387249093472537886,2013.9818864043925
7399128588861066539,674.1318165441402
7435472501876018478,595.4770354555441
7412457068524768542,37085.89049060625
7400563482573147423,4429.711147747381
7402808688899034398,1693.8338261024032
7402442088526171434,609.2649065664352
7427308766904732959,3395.5180339743797
7398684979024203039,608957.6866330209
7410598088995261727,941.7223825183621
7393876235501243690,98072.68481289255
7412079482787384618,452.5916539445814
7432841836290493727,1753.3876158233177
7387612252540521771,35527.49584470562
7389392999714704682,761.6969395085918
7429152585501658411,11913.879001024998
7395371056594226478,681.7006664231302
7410636281065098538,536.8890660551926
7425109824616221998,739.8142329789353
7386426669113920814,10045.841396838787
7385337536526388526,1953.246699500791
7398365656757996846,590.330315164346
7384983868035779886,679.3020425623695
7414266147165572394,935.2331634999931
7397221859458321710,685.0940089882146
7406460804234743086,1346.7366496761022
7387237746206706949,602.3715657581263
7397216448277564718,691.6588155518419
7410179663953268011,1036.675405607572
7402448859412139295,5011.303078662401
7401361586880924959,82579.5944173175
7393148983025208581,16649.70818339873
7385376360107117855,785.5415008799347
7384648452493397279,18133.334894766933
7386053398098873643,2566.0525811235875
7411327654412111150,962.1111981827273
7433288733526330654,2569.3296483655445
7401255591278071070,7049.244587930311
7393143789914869038,3269.003011916993
7424370585196629291,961.1406627321971
7426579036014513439,1055.7913630865112
7387606907848150318,604.1017345519946
7402759889312943403,9569.720099907694
7392373937658727710,453.53960993023946
7389020061857500458,1332.2825247269432
7418797517803982110,716.5278198460777
7410203478796291374,34344.63875703034
7415425241108794667,480.6920303210573
7398366678242970926,1342.5165895020039
7392032641324780830,688.9286311924778
7429159424272387358,3029.219829789356
7419152031266409771,16768.724340818142
7433946067495931178,799.2697497001295
7412411877864557866,623.507352434159
7385038492939586858,1865.3268708195037
7409104220915289386,13975.15643080271
7420562602700344607,1691.0707870760657
7423530832683355422,625.1816989278584
7394651349557808414,799.2621021271325
7434715867931299115,655.5422629846447
7412478285415812382,2143.1174156050515
7392401794195901738,786.970214575459
7398746473405402414,40983.87587750319
7404300684742446367,187068.9742347492
7396499365931601194,771.5816243269472
7400196719088061726,525.9353029590792
7394681457588866334,2260.732720012578
7415769462600682794,5950.540220038733
7391295259889732906,887.1187679165074
7420200764590607658,927.8193699921613
7384985850108448043,897.4748722308608
7384207980855676190,18078.553682832644
7429542051718499627,613.0595443571247
7409132620862508334,566.7551317350576
7415401524500712735,117420.33357806629
7405818686969269546,114709.12248329511
7395372140524064030,662.3053322869856
7394979796519898410,1643.4958117996027
7397941507581480238,266714.48757609056
7422066833299197214,784.1187174236471
7398753064569605418,963.7740583145813
7397939795504188715,22254.780820072065
7398351928146595118,1182.249467653516
7407290288718482734,691.6969813831029
7390524116190743838,15559.058402436694
7403129543650856238,1030.6991746652636
7414319447080684846,11494.082275930665
7408716338664901930,751.1248506769809
7385315576853318955,473.1830900212048
7409814843366165791,3791.4614648762595
7389485467005111594,653.2032151990189
7432836348903542047,3635.760297901607
7386137461795081503,515.0188911546428
7398684386293484842,1018.3531005399743
7409496905832484142,827.6794845825232
7432907582852910379,670.606645762906
7397630220963990815,616.6827218822971
7387911558216666399,1961.6371491357806
7399417049161780523,1643.0834592562442
7389030009916149023,982.8144978347609
7424286252578426142,1392.820834576774
7393563741142535470,967.5028662691167
7386488145539304735,1307.6046158633142
7417605161083751710,1963.6345708679542
7406458872015113503,28771.122397736646
7426163151063797038,1674.2293481026759
7402435390482828586,3208.1961742512967
7400915236896689438,792.9250552864331
7395709242164006190,2515.56891786219
7414300392240024874,2155.8883158565536
7409885912836033838,2118.1438486781462
7413947582830906655,65745.55680431591
7415739563118791942,641.5871767759409
7434318749081275694,4786.396878189405
7410939360125734187,1619.9140603965361
7395800346339085598,903.2321679066418
7415377435409255726,1164.4073059308719
7416135098128502047,36987.69039891251
7433960547630206254,772.1199331228246
7414292458302901547,841.1311144323154
7403891474292608287,3608.222924605306
7410916850516659487,473.37248980458793
7417670552573299998,2824.6129579007893
7407219448794352926,666.8551128478618
7433297588129991979,4972.908022291187
7389453711795555630,725.1256963837493
7407274708145573163,40887.05133172778
7387945890117471519,49594.0904502876
7421722953328512287,526.0759872053793
7408700213558267182,1420.6559757717266
7410544054657699114,781.8504491435242
7384583686013930782,760.7370882025355
7420574272852118814,2826.5218881964734
7419152311089368350,85258.00075763774
7396870263993847082,675.3382667872711
7415755397585325342,867.9352830468418
7405768533516225838,741.9473793803552
7414622344456441118,1085.0410685902505
7427702933392805162,596.7625944958429
7402839693538118942,463.9603434102468
7407987543263776043,52706.89068684115
7408775878869634334,844.224724875552
7420960829341797674,638.1382140039732
7410917569588186398,682.6371502087347
7396497899489725742,524.6569206892834
7425031556370320686,30750.748768352205
7389030032934522155,1173.1178003226282
7417253265513024814,1807.9098616435422
7415470057154727210,1079.2026634970384
7388311963350076714,742.615015581004
7396863890283367711,790.8864598150843
7434305824920538398,19939.34370133706
7395359145559444778,570.6340260751365
7428734440232275242,616.6847990432858
7389067314479566126,2719.2218910802076
7434730963977997599,2893.3962879774067
7420979730733698346,17044.922479282148
7425801126647303467,608.3545956427807
7425393280113839402,333.2150255620442
7426908634862456106,743.2719611626648
7417616047852801311,1196.7758167532616
7420230263805840682,1710.822486976066
7406127195392871711,584.9471815223152
7424706159703051551,641.2551963229575
7416128843750100266,19954.302247819614
7400588359292439850,263.2118815136347
7413882204670971167,940.8453530254321
7395391251836669215,1867.5317300432273
7394268585582955806,1294.5381626570206
7427265483088334110,185.33186223709123
7405765043331157294,12669.62872984264
7428728679666158891,1025.6913025935232
7389829902406634783,256.7613336883682
7419839212461247790,2079.2205037572035
7385341239933095211,5953.517796717925
7400574206754180395,771.4267405756708
7421674272143215914,454.1584702941655
7422811001722146094,5412.9965114845
7425757257230454046,21959.033408615207
7427278849244728606,259.8482450091953
7428808902357060906,576.0171433050942
7386121917708668202,8123.242821683802
7406465980001570079,797.0729872871372
7392056436051905838,759.2455542062397
7434698260997999915,580.799544803826
7423956553448934699,3714.1870536672322
7428405223095389470,475.95279079642586
7398676446803250462,657.699918300128
7391252514529627434,148496.7944707377
7429468832852462890,765.3325423604083
7396822873274420523,910.1221582500307
7420965313279266079,1657.7268221668749
7421347699372625198,779.0648228425981
7411335562130427167,908.3858988308293
7428018540478860575,79071.62403608159
7435130474999319851,5974.656494372411
7427336213415087390,292.58752653524743
7402851386217483551,1066.0337262342507
7408329444689055018,786.2178464644519
7386847467217734955,129000.36452249889
7384602777055530282,655.9042961143405
7392747961484135722,1508.6950209658255
7392428909888802091,3927.745494074312
7428797611034840350,1813.5969751604252
7384605735444974894,1244.9096910553642
7391290074211585311,934450.0538188808
7429551149583322399,624.2196624186055
7404255747460287790,869.5973411285092
7402080498278829355,47409.54062643554
7428779902763142431,1969.2676327127886
7398376230635982111,1618.9903136511832
7388337502211394859,585.5457512664943
7421340076178722094,489.70990909136844
7416897441384959238,617.4780702909587
7387182317346786603,829084.3427375377
7408336827205045550,1938.685236951539
7391644627956288799,1792.0052994529844
7409814683273760005,889.8341226815119
7426917387854744878,1087.773082075372
7391993043043274014,22742.76728808578
7434728082168237354,1762.2395191975168
7418348745076591902,7353.392818056506
7386825888098192683,2610.446785886689
7393526243968306475,720.4135194848379
7407265486137740574,648.2772565794655
7389841761805290795,548.0036446694647
7394249755460717855,1205.8267616179467
7402816468989070635,1014.1108365860297
7389770616355786014,44690.92372678288
7424372763902659886,643.6969547290081
7411288796735507743,611.5628016146151
7398756968753548574,530.0161556592758
7429498298479725867,2933.2587001360052
7404677486904151339,685.6915616149872
7405045738822012190,637.5157434770476
7401639420228652318,122890.61543037373
7417650545340468522,1799.9335873711957
7401681569758334238,137897.0348501894
7409138070705933611,1985.944068730932
7399436874286255390,950.7512365960521
7423561838996000043,4710.065958297705
7386814380043734315,1179.370698632765
7396510285898583338,3441.2197931974415
7403878050678721838,1363.8877710242793
7400225585290677550,708.8268253834351
7402442183602621738,878.1678035502299
7434762311144951082,729.3328999624974
7387999244050910494,856.885538349059
7423908049795943722,494.78999917174593
7402754818994949419,48943.19395853453
7419091863946448174,2667005.1805477096
7384985368178724126,642.8674447455459
7410559672412851486,624.7757567534093
7408372822059355422,1302.3917336526918
7420584983598845230,469.63551487588717
7396910332003798318,652.0537881872126
7418403216406154538,1056.6914233589941
7419140350138223918,273.5310895355579
7391665087376903467,656.1226845301424
7427662274518682923,133999.4191061824
7429474546979327278,17465.991686570473
7429539173587111210,2900.9282933622235
7432835979687365918,17894.570638007546
7395793115182910763,2559.6860965650753
7409510773040434474,1281.6654911617595
7418717565821668651,568.433682038451
7397249950272326943,762.0493928704924
7399830589378940203,1100.986086135987
7414683843069791530,493.5210814958825
7394239061621214506,507.7366179879565
7434681546159836459,1358.7624832276524
7414297074470014238,857.3688561400782
7390553609244560671,534.8194894229562
7385014043808992555,2346.5449120104286
7390937029753933102,1939.6087463753852
7418397130810854686,334.6142610889582
7432816875987406111,159695.84487712715
7420999655779044650,446.38047863375573
7389428304433990942,5753.3738329785365
7428194108067286302,1498692.4936320195
7390194767612611886,1983.8609526467574
7429468680485915946,15092.734145827571
7433609608888978731,4400.923289270324
7428044485189274923,900.4932852505485
7428429779160059182,918.5241097952194
7422118274571455790,11644.671587255345
7390137050684525855,1111.579106554896
7423913443142454558,1902.902882959663
7398742033713630494,9187.856201493256
7420624362908159262,3851.9609607060906
7428782328048143622,9068.69367929008
7397259985119448362,769.9865819505487
7407229531389545771,1020866.2535001026
7386458169687526686,573.8468860043419
7386464885141474602,532.9057520523799
7411705531431210271,1336.5274085026383
7386100539181780232,631.2062133060233
7399827056843918634,799.555701445854
7392023380188302597,8215.23040882823
7415471425735216414,925.7127651965368
7396823917228281096,486.2647377991979
7433618484812287278,360.67424140208334
7391263417140514078,943.9791571065614
7393190663510117674,4904.169311438189
7423162483109678382,3917.9666523568785
7404291837151792427,6618.937989476945
7405352570924862762,222089.79234144336
7400546876103314734,1436.872800467779
7408006268687748395,1424.2695648119438
7393893128291306794,1351.387872775061
7403168206988447018,1584.9628965977488
7421714493182381342,655.3733818164037
7397225019920682282,616.4245121031674
7389448777570061611,603.0191183858952
7420942027476503839,2328.504623809746
7386839905298648366,897.3934398327757
7433605551935868190,251.4375845182766
7400919607210429738,1257.544064208051
7425435365881695518,2098.8016156454805
7407621205487881515,735366.1456681278
7402807582106127658,1497.377659167685
7399840110730054955,1427.0857954899402
7401695108434808106,1953.787497004106
7423552603142917418,802615.9295727883
7395750994967039262,912.7693151813434
7419546838476377374,1019.2046392991509
7416172877474499870,23169.144833101287
7402082619459898667,1030.6524148130143
7392374113031048478,572.9334571276103
7399792116072729899,4062.9765180243207
7389101369275338027,1364.2550875989755
7407294057321336094,1420.7876235452945
7413175678960520491,595.6018456555039
7394212359612419374,833.1806539606783
7419469518411468078,5517.980042722268
7428029094501027115,28164.468537978322
7406521865541405998,967.8700919837854
7387183818148515115,932.0361158880891
7418002057451392299,637.3987436874748
7392804766725721386,481.13846093635834
7416106744494984478,880.0064288027147
7387548747284155690,3112.099840240371
7419086108245495082,10466.64537733553
7432830055698468127,617.6886189291176
7387981649809591598,1207.0140340189125
7405347682639826222,583.6241662721162
7393916221155970334,896.7758754640001
7401638883546631470,484.52543055563035
7435074149669719327,2330.6628380257366
7414251343621164319,575.1474669565711
7405018870278507822,918.6064273970522
7395756837359979822,2559.8390038869734
7399467825015950622,7089.4446571595145
7423919155662834986,5036.752695973912
7407603746093419819,1457.4975589524258
7401357571082259743,516.5551999943511
7396174710377221422,1278.291749172172
7425397606479629610,47097.97254203568
7386065167064403246,545.0547597280655
7433614121737719082,109678.7077704694
7392092395963206954,3688.432795961065
7413939204876455199,462.6758288914665
7390172957185756447,899.7541146728996
7425109501809904926,1623.512301449295
7387625911538945322,16481.051949843626
7386069192019021098,8147.375529389042
7393174723808464171,661.0973999762315
7387241370051693867,686.8190252013544
7387219313289121067,722.7438610063865
7429160527449820462,1767.5005438414885
7411352047469088031,536.3199728365523
7428382973721988395,210108.03345105314
7405388498468998430,2170.5031362996697
7405047752037797166,13815.91480038147
7423195345099705643,4920.7578511297215
7396488939114106154,611.743220880396
7400192588877286687,726.8093879902425
7407607111678512430,489.29001891418176
7402011081440267550,917.6950694236069
7391251622774541610,63755.32059663611
7391992834976484639,885.8867738801623
7419076315476659487,793.6071654096311
7390503949897420075,12321.838410274755
7395732410870123807,2700.314180685525
7405767487108812063,8056.44926135515
7400187499794025774,747.1732968532962
7415458037046988074,1375.5881909485904
7416142382212713759,1272.4847236791163
7410991347089378590,587.3419006268174
7403912506504187179,1976.0838708360866
7421679207815728427,1211.6958039589872
7424351218144709934,821.78569893313
7406155646153837855,969.9717779733581
7409890085744807210,197.77201417572948
7384212997520067886,700.9525111088224
7397616819151916331,6418.791014879793
7389429678404029727,500.11351702345127
7405736830219406622,50786.71991612604
7384236102875368735,166864.23616020742
7387980765243493662,580.887997593985
7403519853862178079,21935.498410891843
7408351356525808942,1678.0349742645656
7398720186737626399,588.29263894897
7403161508672245022,851.3970467656274
7403893469695020319,11051.817442335196
7423597566115335454,3656.357605178783
7402053073448832286,1733.6889509150217
7421360776801209642,1199.7639911147471
7395712557010537759,686.551503326786
7392749625045781790,1079.6465503741153
7394650615156084010,19846.377637420886
7410541370093423902,2416.037230074858
7404267979208248594,700.0966270149997
7401338559204019486,799.7367893543683
7405361793234865454,10221.693957411533
7392370042941213998,50295.9335467222
7406493407687970094,2030.2992765273787
7392386818269809963,4925.845950250693
7393842368019057951,1246.5640343265
7402456718308838687,415.5966333194416
7388668694462729502,742.9395445633129
7409073007114620202,263281.8864280327
7385771740271545643,649.1130560506056
7394270243926854942,691.299309648072
7407670520440720682,1732.6251439519172
7419132592773172526,1644.0603932428105
7400627640303914282,2175.5596610411017
7409499405562219818,900.4313001379315
7384595929703140654,901.4707909485543
7423179350792588587,14654.011978444918
7407236185472371999,7624.750371017408
7418378717161852203,2007.8872133523598
7417230570536701215,1220.5257709934697
7385027543277096234,1450.5969922096897
7413194687755980063,1276.9134329374074
7396825963792813354,1566.4537124958626
7427653238553562414,431.0266599112852
7412412542288481567,966.1980997239849
7420196927607672110,1737.830048352864
7401666816814189854,429.6217578247062
7414294214424415519,2460.8785113338645
7385337594139331886,703.6845464019694
7394264918192606494,1934.300740717391
7400609116051344682,878.2920203147858
7429468842172108075,555.7959739495101
7426555900174863659,1042.5314674793658
7426918014580198699,1243.0552786981852
7387586687729175851,589.4917966111087
7411349388640931118,1073.9298059869132
7389778456608886059,32205.652927581443
7416879740419624235,22288.809798741673
7386467156592053535,360.9772430365139
7384938675731205407,1249.037504836137
7397929197076745514,725.7823226371534
7392030268380417326,1888.4810533857706
7401325462154267950,999.174348618132
7397190876868463903,4220.277426006954
7403207943971261742,432.7946061251412
7391307523669642527,737.1457566013553
7420633251494055214,622.2255189566921
7403120169280752926,1454.8344656756672
7387945474340195614,715.4417095300322
7425786913950371102,1039.4543677418237
7387169456646081823,6850.601706285258
7418042125029231877,704.3963925822345
7401288948091260191,648.1394149391159
7403167299861105962,111558.91003654904
7402455325699296542,1518.1755222782579
7407959001876466975,1919.4500678033337
7384612032558976299,1156.5742026271487
7398666988853169451,123436.6439721153
7390155880957791519,920.3248422536608
7418370168985816363,29047.608910384643
7434718716899659051,965.6511005449194
7428392239870627103,1575.1280717468426
7405819019913202975,1058.683878187012
7417290527718018334,529.2060672424428
7410183888389311790,5410.029449752655
7384658576314240299,711.5443988809703
7407128827744374058,307611.5754459667
7434682860147150126,1364.935245135667
7418755946899344683,905.8110705030612
7396847579956350238,13904.801869361956
7405746618860915998,122337.56977314508
7428790374765825285,395.5992087590238
7393585323265035550,11551.380389749103
7384217445483023658,923.238257274065
7410953111407381806,1177.094277610989
7434336136325008670,1298.5583464426586
7433960739297119518,699.5301940629446
7389800171820879134,621.2528479602319
7411294143453908267,8972.433916770993
7404625387713580331,551.9775566972601
7384564522704473375,775.9728936720386
7391676969928150302,1105.884713200984
7413571690506046766,6995.296471441794
7404980054305819910,3826.4308256909135
7410921495486156074,15924.19668639991
7408330551997828382,1518.186369801862
7393859627189980462,1126.0263560376004
7401260231151439134,139743.55087939205
7399410911917755678,3575.1657785043444
7429194506567945518,569.8209575701186
7423545343700159786,369.7660310343257
7385759536860204331,5377.95075441338
7421332066609958187,1802.9901536047214
7409827060790676767,1058.6151733411791
7392768510042049823,680.5961366051599
7393877888157764907,2071.5630345453783
7423601326522649886,975.8698378158082
7412094504733281579,1148.2185612673186
7397634921117994286,604.9804375637297
7408346008079387950,1274.4200865529795
7399099730459888926,718.5427894038143
7428402455668411690,607.5124067971807
7412482936546528543,4262.968549590627
7432806064627961134,448.99599175074644
7414279868591951147,1145.8365823450406
7414357488562113835,1575.6724306865324
7392379092047236394,7336.896640203611
7424328725845626154,1838.6651829905
7402030212642393374,9581.874639905956
7413149414702861598,1005.2834828686773
7394939279719533870,119586.73178027505
7429495331806530846,2042.8771157387032
7384208099479063854,799.9667637648
7396906624683740458,1044.9900412787767
7390130728203291947,867.4346625267888
7398325834991373573,4074.473253141654
7393533099671407915,1350.957627436505
7418783068321877291,2766.0918852580926
7416151610063113515,2404.3964327442836
7417974793569340702,845.3352963317332
7426145740222762270,1425.9441116143619
7387913861229284650,1182.7592402568346
7422862437629578526,536.2160103703609
7425056551435570463,509.0667310443784
7402463776294964522,657.1738682176174
7389465990268079390,2531.1605834652687
7398011413949680926,1508.1680212797344
7387940894655204650,737.526807750272
7429151801078828331,3451.5393989839886
7425049888284478763,1390.4388724898827
7397610200854695199,336.67066468107413
7409477636675620127,2343.9854188936274
7419906264303553834,1929.9632461161557
7400916924227538219,7371.338874899558
7409812314498829614,2368.3362627825127
7418371126126054698,346.39986370165116
7387904107031366958,3163.942217806485
7413615471401979179,2115.1165103456005
7417675546617810219,1318.721361871986
7405412220718370091,328.85909909794776
7423552599485336875,25923.216126890024
7392380111326154015,1027.9068547818067
7429181376232017195,6989.521867443518
7404639944607665451,702.2183475603014
7386481141475298602,462.6630478125933
7405740363828301098,1425.53865143099
7397980329518075178,3524.3801963306864
7411321845099646239,589.9273659795647
7407647335175458079,1438.6202163607404
7426204568502996267,890.9625051703593
7427673339801390367,851206.643612632
7407964198166187295,819.0036675674306
7417640663916891435,2711.8541736507186
7421334231349054762,839.2517375721086
7394643458809482526,3838.1254957257993
7393155109699603758,484.36045323330796
7389055343579483422,1154.8038013392993
7385376428725947678,379.68705764117635
7404624283852361003,5545.435147464359
7393888991365303582,9999.378812768187
7432844466836311339,1972.8335861763646
7395021216920161579,6876.816405960222
7417654823195184430,1776.196589159585
7387604921912167723,567.4713512144191
7416878016946588974,4017.16099419686
7399051885220482347,1072.1050941494198
7432904961949814062,647.6541988254954
7392062738950049070,1410.0171327653031
7397608932140698922,379.87645321031937
7426951407426653471,2124.949668598421
7414643627948838174,234798.55437095088
7413529952567561503,17712.954306804306
7407659871333666090,375.73227367708216
7403547364838886699,933.7641008967496
7387568270217399583,1474.5053194634065
7402038213172333866,352.57400463418486
7435495550570777886,481.602802958329
7384226138840780074,941.1370543064479
7426156184987503915,71059.81126603945
7403888715833036078,1172.775227772106
7412481194941615390,507.0868497576029
7425767818714434847,465.2152563327719
7429176531848645931,730.3221606310622
7405750778125765931,2256.318946728774
7418423349757513006,129.77120838501222
7394956769426083118,1353.2974859885992
7388275824815852843,750.0649780975612
7413929238719434015,649.6028437305628
7389395546789694763,795.0465893943689
7426148763854621998,15305.463514760324
7387623253986037022,535.9615640587865
7412445729928596767,144.42014470287458
7386794274102185259,683.6620234264393
7428060179461115141,685.6712664673545
7396096330948513030,540.6670865449394
7397988938532621610,842.2059678591145
7426127560964050206,170420.70102098194
7392406370055687470,47502.53871036632
7433963610726075691,820.5838107448086
7385759988091735339,7685.85529590278
7407960793028873514,1910.2761546430563
7429470210681212191,1149.9566581355061
7424347815742180654,1285108.146007175
7394978393663507755,948.7359881432327
7399451856621063466,1462.469746091596
7413177451888643358,6035.557506498514
7420983408433712426,1311.1589426132216
7421311901050703150,406.43260370141905
7395369348954688811,1916.4804562790237
7385310508477451563,1652.4834555384616
7411752500006554922,665.6892118438041
7418019661444304170,6961.304085322021
7420214805220429102,778.4073062402437
7408035654761860394,6655.208817382166
7421699671292202283,1119.020161064562
7434381736315784490,107473.47187084485
7434393335806102827,1037.5248001334073
7412501079780461870,1165.7184853832755
7434741237187415326,26735.59783156834
7415009288768277790,517.2811445818301
7409887785135426859,1291.903226071195
7413951037972696351,429.23104453725307
7386467978436545823,739.0421606371657
7406188213590560031,757.4848451209646
7391330803961040159,818.50722893661
7422102363718143275,880.8908236624206
7434699757190204703,536.6387009834492
7390522133274709290,2143.649315145992
7412450576073592094,529.4926537240079
7384993660284226862,2227.955910909656
7408346024743390506,609.1417514612447
7393104856418012462,2402.3438323204578
7390607212562877738,1810.0771994608915
7429527771795213611,36107.73919766977
7429115416200514862,13642.982998501293
7397989780933446954,981.1265236700343
7390168145002007851,286597.59868328256
7403489412010577198,1733.4791797973035
7420202525292285214,844.550631500713
7407662104221617438,829.2771297548055
7405018691387034911,771.1254796492285
7403138903194045739,1944.704062050069
7411339138198326559,922.9044267875984
7423536406099692843,822.7830900013709
7400583379785108778,787.489577763255
7391659601374104863,693.1252054563636
7394231880704347422,1237.9045053952889
7417973902871104798,437.1352015875683
7433603152902950175,511.90639566517336
7393476186833276190,1916.5245796276738
7415040349732637983,594.0896531488579
7407953814550056222,667.4933986200225
7404259169257147679,385.83798659234645
7417996688855469354,5778.4541451719815
7423217575309348139,444273.07037001627
7423597346644069663,108858.268191579
7389412793562189099,12161.046170740903
7427301817861688606,5623.777478977842
7400625372892548394,963.017705654906
7391692231582698782,980.3619304929981
7419112522751495466,1739.3269563843385
7403548514522778910,691.1862751336844
7396912869155130667,1068.8548967010058
7435472789781499167,587.5137352770507
7416181436585184543,941.210531823924
7426887257421958446,8375.231668865143
7423186010734906655,7508.08733905275
7405803983958199598,1361.3142180410912
7411721527541927198,352.42111962967624
7418021041810738463,321.58405594665544
7398682276789374238,733.6443498781947
7421682680078601515,796.0736320427164
7387578272801934623,1338.813525939647
7415840585912716575,849.2106827790437
7429540497309306142,141917.02097638513
7418711218753375519,470.2099181556389
7406144232680983838,36625.117876059834
7395757891275197727,2255.083770415116
7384650381000707370,620.5954090798635
7412502563435613482,746.8519459043905
7429180400351710507,1237.0386330523002
7400537034437201194,5249.885632194829
7386834799316471082,1743.9705571332504
7397991323946487070,577.9799580353472
7415744662327119147,1548.2943572283264
7405448271184842030,695.5983388728062
7412467578381045022,652.6351577624812
7384207738194152735,174847.2644303182
7417625659117210911,697.1245499789483
7420652608177671467,413.8898701442173
7394304270792740138,787.2184939319347
7413597389694520607,583.2262962960663
7435145254824709406,1372.9673986854764
7385021925359193375,942.4881734880308
7406105632471928107,2162.3156436914414
7405019733315177771,2271.7347144416153
7397248928216878379,8184.499088332873
7411289704735214879,5641.6881911185255
7424687664772746539,41990.246148042446
7416912243868126506,487.876047053194
7434328854686223659,536.5543287416468
7412430385163930910,738.0553774011162
7433245977491852587,1556.9577078774807
7409133913538333994,501.35792170459837
7402796873834155307,14706.027057635903
7427626452796837163,449.2497847560059
7419873333925121323,681.6779207593984
7422855985095576874,768.9680939688566
7412485597073329450,2232.9813866292216
7400910404077112619,676.2580909847796
7425461564997750047,1894.128236440336
7395392344788421919,6152.863532172327
7416195706639224106,622.9239297232313
7396465420112235807,1016.8689777194312
7391676062066904350,3084.038590142128
7420956502799715615,2616.2759451823317
7384965723157908782,662.0914063147101
7388736058030279982,435.4752550037344
7398764903433063726,939.3132368392678
7399069544125369631,1912.543741985972
7405726670944079134,1865.4716001647844
7413570592240291118,1085.676431438232
7401646933829258526,39093.09737363678
7402068083394809119,686.4110101541046
7424326432622382379,1302.5083818362668
7385345708569693486,1899.4261494054492
7422109219245100331,482.71815737841007
7425447425608781099,725.8659852170047
7396165030577786154,1352.8658938941633
7404661490793434410,1764.7266686700887
7397625282879851819,738.3902722451261
7385706382315539754,1950.889064056427
7428387669748600106,13712.334871511188
7388007929259035947,720.1109436597314
7425761745060334890,3065.314412994577
7402753264329968939,990.7734290679083
7429131696487910686,1426.2836494907597
7421724216124296491,719.4815022014714
7389437300385516842,6330.203086666315
7418731282881973547,555.3452710998181
7394993627501514014,2505.8737368661828
7398759681117752619,423.3492688688421
7420565279639407915,990.8111425883594
7418333689840422187,788.4803230166018
7423571586197802283,1401.4350027859757
7390900486276140319,2377.4223525067478
7429483207554239787,998.631890542117
7416914910610754858,584.3047366978321
7397200214332804395,941.8047935546183
7426543075331214634,720791.7702114072
7386073290495986990,589.4108043199186
7433271089498934574,831.1214966095724
7395727968158387499,853.1006722679809
7397628773505469738,683.5127231812721
7415421255286852907,596.9808933455413
7385688108202773803,885.12114122092
7392429503244422430,7243.232802487795
7400203776860245290,688.5811692846399
7398309651311234347,10822.364173967573
7400573500932623658,6848.414321886277
7415089683820072222,4267.880827321216
7418763502552354094,852.2090807072057
7421678934355365163,884.4470090400023
7397961414456921387,471.5509497269479
7405768514759380255,1558.2231191510366
7384194290215292190,740.6664085952026
7384220441553931550,5211.899377399272
7413563173460053278,445.803259527361
7419105249551453470,1091.5082009167656
7390147128095460654,14857.372273208995
7412042082845494571,603.0566976183376
7390526890731130155,690.1984292344868
7424291475522997546,963.1349717148421
7386844372823805214,574.3460895512
7429479633801809182,466.41906794993554
7397238220934630702,4446.141765437997
7414299450413174046,5995.03007636283
7392380158306503982,18314.633161314785
7409449566048668970,1540.683393201417
7393521891736177951,5288.211380850581
7387204635402226990,633.7945735337601
7419496887725706526,581.5645231505167
7387191587433958699,526266.7191272891
7422055129139907871,927.300186857754
7407958733927501099,4587.71002846108
7391684393229733150,975.0201263350272
7423578095937932586,842.7390432678748
7394287950034423082,534.4349310471331
7387977806220725546,528.5560152162518
7415018583157230879,688.6287325287227
7412436688116567342,562.7161448561554
7399492643299822890,4278.171447543889
7422072346523028779,621.912965932105
7414662367805492522,2316.7185488014043
7397651127405251882,1307.4277370147024
7421720822710324526,896.1571400663498
7385661030044552478,8722.216964401598
7387210998807153962,721.7796326804798
7429137248978832686,110247.75553212126
7385378949473340702,1030.4922153583789
7407946642332126495,662.3249856166084
7429474647705537823,4086.4091510136195
7419087482718899498,2581.2758749585137
7405755305310571806,599.4952178288381
7417962811327778079,40588.06991240126
7386805681329917214,19906.511599687725
7385326811380550954,8021.862787471547
7424662171113573674,2759.7841589584154
7419114045502000414,558.6178568721434
7407615061453311275,9786.51884816786
7410173970349133087,747.9412537429212
7400605288950254891,614.8494934702491
7417599532331978015,222.42713398204594
7426887338879454494,1429.322643840606
7405422473107295534,591.7291190086194
7417994164467420422,564.0489159061771
7394611768279960874,984388.1757184525
7411718440349650222,277.8706538051151
7413978540145691934,794.1188326200898
7400587994861767982,15575.336052779547
7401672503220948270,2289.3328309621315
7428801242513607979,3015.076661153905
7424695519026449695,604.9041941555945
7406185415310380319,6138.529664495624
7413180232292666666,5284.9521452677145
7392737828322512158,216.20719832491727
7416150036423167263,2566.219102571715
7421759909626252587,480.912030350663
7428405699882880299,488.02324336527766
7426580353407683886,141107.30647341826
7396131712410930475,1272.8655662830702
7409880060510883103,585.6019734700318
7402437259645209902,4523.8253159893
7410276316173421867,408.79101361549556
7386479017668431146,1471.1429949431745
7417286565950459166,1453.988575720013
7390959568236416286,821.6591759816416
7418426073605573931,1179.0483103974775
7400920403461377310,1196.412660619748
7394683396213017899,779.5680624513935
7426509589551631646,7290.348617926607
7413941764811181342,3142.503944684934
7423187689568095518,1305.961263996298
7386836797763898655,1884.039639205078
7414639136956501291,967.0882941622732
7410586725015194922,6825.210967577853
7412486808686087466,461.9165910957448
7421356689506733358,183363.7906007958
7428413327778319659,8932.340335252691
7410594353971809567,3966.9066075531764
7416206642078895390,706.211699021777
7423619917053807902,396.3940504530889
7418811331714813204,500.7456584952019
7412500704549440799,512.8434557623282
7421716009301675294,633.909675411658
7402760736520375583,160671.64745271485
7387940079987117343,17433.09617755784
7390547712262933791,164805.70602087895
7414336594489986335,4503.138594087789
7384583807111826718,985.8601519572461
7421700147978964267,2353.0869674351925
7391631415458286894,9738.98355993382
7414302742098791722,2924.334970802553
7427240513650183467,305.3851349481973
7418726047237082411,699.174955831643
7409871202946272543,607.6244590493338
7426880047652326686,1234.6367866554124
7387607338376498478,31238.765049848767
7385335423687527711,734.2964391985037
7417989238072905002,13183.491700809904
7419090879832411422,951.8433628745333
7424340079755283755,1261.5423290320564
7399434335159323935,637.0532015733058
7393876121831443754,1201.1353877621298
7406092056805903658,1493.142601919373
7398300188072299807,783.6157681980507
7411737910036286750,1174.7415945910052
7405813426917838122,2304.755647284236
7398693904343682347,336.99058783084206
7396480340593937710,1485.6850796567967
7384938782707125550,274.9902185638603
7422136488223051054,1727.8481781461123
7427304593211526431,74.36668639373303
7399049776521547051,739.6476132393894
7404977466608995615,25890.72708806573
7415369533105425694,600.4066023502262
7408692638674717982,4605.991173164055
7406527774657187103,3089.3134858597764
7412075497997356319,5126.828910278705
7409153646144883999,208.50780504303341
7419102043446578478,2312.4902715192957
7406162407258688799,751.1026914272016
7386437133772344618,533.2281778847512
7410550382549568811,751.6631129497367
7401285975407824174,589.085154635883
7389409876788677919,616.0120244070083
7405018196538887454,229.45043692197515
7419834179300609326,1952.6000735329128
7420237283502198058,1790.317296302983
7408414454246870315,2035.268862127883
7428786851328068906,332.4078126452956
7416132061720825134,1321.3109910868232
7425463726431784238,1904.9294218143127
7422136445646687530,3412.642254580956
7422108065907903787,1254.3585971534806
7404637204921765151,2950.5465920468046
7413532885845675295,774.6307155282556
7426882962580491566,1099.4035802452936
7433631845595532574,901.8132529406745
7424690126892158251,13866.334601199896
7394653231030242606,483.848741844923
7423572891662306603,3233.312046157791
7428398860076125482,33679.94053403841
7387934921131576618,1496031.1817881176
7405797687850716447,4576.569728680688
7429194802463280427,598.1469023874919
7415079556630990122,358.28277664947177
7421769778483711274,1307.8490456639468
7394267340382276895,912.079888843533
7428741169024208159,824.7670995544574
7401318232746921247,608.3756281714701
7414713135371816238,966.6100142307675
7423255738849709358,570.4084027217403
7413557456401468714,1884.3365160228334
7433973547501997342,527.8631382917255
7418407322931809579,547.809922160946
7400153918958767406,129270.16388815574
7397232878892928299,615.0987861093314
7387962408058227999,698.6637028889879
7412097031897992491,3012.3203229976193
7386826547283381534,709.5294905441598
7391270982087920926,561.1663183277359
7411346602905980191,528.4508142902635
7427257243063602474,82761.90848761609
7389081273282743594,1246500.0413962745
7416874334221847851,34468.59672435947
7404630520371350814,1102.2132328219561
7426928790410087726,1704.8845343550784
7426130132433128735,513.8782760738873
7400200705757285662,1823.7849679518058
7391694418182704430,1795.641700122724
7426498211457551659,1485.3355312012295
7391270074402802987,11538.572633897158
7386126427684621614,820.6021420783682
7420244972831722798,779.4712368997442
7423939978398305579,907.4356645073539
7395371145811234094,1143.7540407283395
7408717840070511893,5451.492633228461
7405360647837355295,36100.76006485906
7428452743657934111,1957.962668332563
7392048635258719518,6119.247664868316
7403175481480154410,568.4539854268493
7391295277342182687,641.5169043294073
7404999752087063838,1578.4946073684769
7415795083406085419,1574.3367211374257
7434718322786143531,2061.0803892743143
7411731455103094059,593.2013911682099
7390526842165284138,815.8291281055838
7389791569789963563,2312.5683805576723
7395763173988535598,753.0100381005047
7395014968787193131,1034.4153448026461
7415376817533603114,127410.94047704636
7393871366346378538,435.6631080051234
7405345256314604842,1232.9800957176863
7392013294631931166,967.7043724545736
7392765150622715167,1033620.08164635
7406494219919002911,724.3221863443054
7407958796313709854,21223.638186395
7405005328649030942,879.5346357285914
7396486794285452586,758.7903681841035
7392071545776098603,1158.1427434457569
7414326939764149547,367.3321143001447
7411660552721796358,764.4264501873329
7415074771622251807,14016.258006296848
7385375072032279851,609.2285931807882
7432890646857305386,37693.20003994901
7394214920243399978,1522.3026389803226
7435102753518554410,1685.728663361335
7417277363672730911,850.8536729542769
7389045875340774702,800.376457796593
7399445331496258846,827.3497969298755
7392789232990866718,509455.59559428104
7423566852946677022,487.3558079876429
7406127670599126314,672.0978756596822
7409445276374584607,705.2127556397456
7409070939159186731,944.4437005055219
7426571622296997163,314.5586041845768
7402761048425516319,747.3329293440504
7405388216347479338,1060.3462637832229
7400939914210151710,842.292894746248
7434731068416363822,1895.5719131333626
7409063076420439338,615.2489464531972
7414292036938927390,651.9696024265356
7397591399752846623,634.9750654935764
7415802972942142750,817.3335080573631
7427697244360527110,4673.29173491599
7419851640221502763,510.6206094858682
7390524849149725998,568.3059362782568
7433637669248175402,644.5230785830821
7386122183858228511,2434.873107291858
7429484852426067242,14864.84407238103
7398341588105186602,959.5523230349386
7402475447348399403,10713.430593515328
7408787838575185183,798.2142934318248
7415033265473506606,279.07441669706714
7417686481138896171,265.59999419360054
7415735891953519915,728.2570332426593
7429156435293998367,362.98273067647403
7426959391649320235,1282.3468321413345
7429504690691312939,12641.27804693241
7406521533587262763,2093.13415771377
7415451125588954398,613.1877248510596
7400183156349111598,941.1137876526801
7393927459772615967,924.3544896572771
7427280797314338091,441.93067855697007
7398344376931454239,342994.8383311548
7424330914492108074,225.01038197525295
7402417419257482527,12203.121375468703
7403520217629904170,240835.48624878644
7391697441206062367,767.5701927398885
7394269507893710123,8991.352095393602
7410572452264250655,655.4438742083305
7416877283882929451,54697.64158959992
7424678877689236779,7151.998347100613
7417637732002090286,1122.493708123274
7385763054316981550,930.9838776165652
7401707036314062122,764.9004593624184
7385393224363298079,800.5075910408552
7402032588438670622,32119.942637940356
7419459162779733279,6483.164258869624
7388367973787979051,927.6211371371932
7415076410324225323,779.8525970426159
7395349771193453854,12431.477770399251
7402769289738079519,1311.2470532377806
7392012158646701354,1868.9660942643548
7427313660143471903,57.645258901181926
7415057200667823403,658.4621456320492
7388656616301759775,623.7758505759449
7390189514901228831,746.9716106420992
7418006847904288031,336.7466451660994
7415783597669387566,944.8426287266421
7408411349820263710,597.1830520978415
7390929553293659435,570.5924903000044
7400560899569765678,17779.524187122475
7409521936637775147,607.8436889909043
7390560179575737630,1912.5777821320535
7387907239320751390,1088.0102855403532
7413896378117655839,939.3824323867814
7390150870555528478,1246.1043872833902
7389060738293288234,1291.357970561295
7389853919880514847,977.0685680696564
7397608625608396062,746.5017441627485
7386450995456347423,613.4547829545966
7384569017698192670,22879.203804278
7387994361423809838,2008.817926912549
7428008341751778603,9079.891843968235
7391676165418716458,571.6657366934495
7408007459274558762,1958.2893076165024
7409872782395280682,437.7218006265765
7411328342760246558,669.127703343797
7413953795765357854,861.0921687885989
7384205838946159902,6351.990962121824
7408777903455997226,1254.0780134916013
7423590217640135979,5267.920184702087
7411313010469375263,739.1154822821535
7409817456098725166,569.1326366528214
7421027348503416095,590.5639873999987
7402031780259187999,3682.49285901755
7413231410368007454,573.7946949447029
7418796798543760671,637.5770907195554
7428400373469121835,250.946871464866
7393534257869655326,455.26250689553393
7384646781092564254,1383.1676176837057
7392043535823818015,810.0068757823416
7412501848449486111,584.8689745500358
7397202894119914794,807.078605995162
7398375738509921566,975.7267581047244
7413191358166338859,843.8861465255172
7389410299939523883,8919.279074375412
7405405618565025054,4137.022748230607
7395380884729466158,1138.3321299649808
7422804191980293422,511.25727844206614
7422055727092665646,506.6787062895425
7418059234195148075,982.7901710209583
7392439337444445470,213.421888484463
7426201928159202602,1177.281757680851
7384615726096665899,851.2878029283437
7402386216152321322,2874.5210015569046
7426145850578963743,931.8844103311208
7425060092753595691,607.7920276428323
7401667201138265387,8542.976997911248
7424373934230965547,801.3986591380287
7401352705811156255,554.6947021675797
7410928844015815967,6795.423200086766
7418811668890733867,703.9176387491992
7390907657181236511,15342.192462526064
7415824544738315566,1635.5868005187613
7417652512456527150,1608.8779982583612
7384200797862579498,805.6486675076051
7384651538918051103,8757.527323375905
7406147347962400042,455.269920489679
7408407440187870494,1940.4864611841679
7389405534195174686,2858.2846122905485
7433242045277293866,265.2097191286485
7414639409133292842,886.6703882557819
7428457010745658655,1357.9822225202925
7425861120734399790,761.0941410892963
7422827734713503022,408.3656620692956
7384991324551875883,188205.61100782154
7418021990528797995,2124.0671873374304
7422848513547062558,459.0153769073546
7395013590920580395,1244.6366590013422
7421005258362572075,199.10573999145944
7395345176157310239,4287.0162543375045
7411293980782103851,2303.1430739456046
7409899772582104351,862.3798962620972
7411355950931643678,2088.3773296872614
7384210748752366891,6656.731873867486
7413199182321716522,801.7992873591209
7404661122374077727,17261.65170615661
7390548344591961374,1263.3730777500737
7388002989950242091,1389.9170169974307
7423168319676484895,68685.96352204494
7389834446398098718,1699.9382551725332
7421387240770768159,712.0507135510742
7411701659039960350,818.3682376745289
7429479586175700270,1425.9227078632684
7428354965422296350,811.3999870217594
7426165053751135534,725.6796821438917
7396449474270334238,7078.331614525291
7400590618671500575,477.77254924096644
7413226082117127467,14037.942224337226
7410916635885735199,833.7790466543893
7385700771943271710,887.9106858581221
7391674164958055711,607.746008075124
7434332219042204959,469.5283827735567
7393174771845909803,2477.9681449124078
7394665196377165086,1900.3080774276896
7426176712678853931,374.1430116256137
7384612071989595434,3372.017266268917
7387917671133711647,597.3487691736619
7392410545397321002,6123.415560414438
7388734732189617451,3970.9209163614705
7409097772030348574,1474.199782460929
7402770216675036458,8212.952600098959
7393484559339244843,606.4781443515083
7419844485183507758,88099.10753557592
7410234961267166510,6396.190878821714
7415052449582615854,3887.319016351871
7426193187389082910,1064.0241362853196
7391275170121452830,427.7258239294969
7419080611928771883,1313.7146667332674
7412103961454628142,947.9423461957392
7421302050690026782,3310.079074476162
7385391242013723934,615.0070852112025
7395704637589916959,316.020457916302
7423612668637990186,467.1636960053226
7390583732639501611,1415.1018627510864
7402818629135240491,21569.432750156477
7429521137488416030,959.7559554976253
7400974734609108270,649.8169251147444
7403155002837044526,915.528539351232
7417670279205309738,2129.4159127570856
7403923427356183850,1745.4076419494922
7391678878466592031,1770.2465086755883
7435056809792048426,11110.96298231772
7407261347248950558,675.0273040739766
7394214775208693023,780.3768377088454
7405796677854055723,3873.8668958448284
7397225642485353774,735.2551522188446
7404236881422060830,11849.68670297954
7420199931266485550,1204.375139124387
7398769156398632223,539.4450608273924
7410972324746317099,588.8503905831897
7409063994306186542,1290.147412031785
7392774738935909662,782.8393118702874
7409133026657029406,1349.0347316160007
7386072526209715498,2121.256868977938
7413515903180098858,2598.0621637038344
7416936636124040479,121881.2252217818
7420240066334706974,882.1644327334186
7399828911334362410,6060.50909728774
7393855729213377838,643055.4220029128
7428414259564039430,9684.583336706084
7409429508723363079,827.6383425276993
7412435650852556074,478723.7672951694
7417967022186794282,1953.1802049849948
7412076007529762079,2291.0990555349254
7399882537646034219,946.3733683596228
7410945072314813738,3853.796845947415
7384978786787314974,115683.99470891166
7427278921097596206,5879.989638023065
7410571683066596638,15393.548657161313
7426158394865732894,1095.3754529090145
7423565138298653998,30782.200672693925
7414307187301829918,24784.51048310033
7415640308932791595,1717.6024774791474
7420625907574000926,833.4065175847336
7428774062236699947,237.92371163340187
7429172082665098527,1045.272821379561
7406112967122554155,1140.794900970493
7399829452454153515,1118.6834321914369
7403945581816581422,1344.2002330476362
7419110357190348074,1905.2424057879905
7425100582362500398,711.4935099749425
7386115528089292075,24680.68795265882
7414328394302655787,383.9875623765321
7407952814707707167,50211.217284609564
7403215592431406366,554.505402018104
7395728179446418734,4089.031122555799
7416128369642753310,868.3229065659176
7384649381527522602,898.451941874574
7405386953018936606,821.8224948710226
7427246029818383658,1785.4732183959377
7432895600074509611,3330.4744228054983
7406127541037157662,591.7459913111893
7389110637177097515,8913.613957297453
7434406819713355050,1159.3326669600378
7393526113064045854,877.5212547948059
7384588991645011246,648.4072362843766
7393477524841450783,162419.58499388455
7428431341378669866,281.87171157496897
7409854443404987691,481.17152389591524
7408009812694388010,1774.4666233337668
7408723859802836254,18963.175034853448
7402757397040745759,783.1777564542509
7411708779101834538,1519.8298946295372
7385711270911020319,1541.4851435819382
7407211210476768554,17794.7025292766
7421357977300487467,555.1708860617462
7417251342273531179,691.8816367734266
7389486969291558175,820.8891331217318
7387225453666258219,506.5973176206268
7434737756632304938,2656.199400284708
7422863792670854420,409.22311199742757
7393877716673809710,890.388161990344
7410935561197767978,2722.3740327744867
7389429298513431854,750.5873245242192
7386847224535338271,818.6065568294116
7434319962510003486,536.4479467442909
7435093289830763818,9415.716158684776
7434725332504038699,1486.9811022058157
7426190413448416558,192.44969089742995
7410591371179920671,22230.944758038873
7395797165081120018,619.9292160450951
7397858276051848479,156583.10732517784
7389085358765428010,4568.392320792395
7426508186829589791,2047.3869953241244
7386808668253211947,780.582299077843
7429550850130955551,1598.0488145699874
7408689199785774379,728.1596425111263
7410208537277697322,636.1263669400632
7426581966616661290,977.5681162401678
7433233843039128874,5640.015917556044
7411004769935969579,488.2438381617425
7407953193964981546,1201.4362335245246
7405004465163521322,717.684405780033
7422820823485943083,703.6409001976667
7410615485181611295,2710.099760002429
7390549844642811157,1038.052890881169
7405384879820606763,1519.4848830707217
7424276988698938666,4518.1999524522025
7395742778300321054,509585.8869272955
7423221084461239595,791.8588757423929
7402756942117997867,582.9287645065632
7424290086474452270,797.1551280805596
7396106112946277674,831.8084142540082
7414293025767132458,10598.329179300395
7387172298576481567,34679.13273200841
7395377364697484575,27438.133762723646
7432808465459957034,5492.574621296393
7427261049834900778,2100.79284917475
7399427337529429278,1267.1452249502468
7435080724702760238,189428.3913658073
7408696909260541214,785.8926661514881
7412047249485679902,667.7765972502922
7426572787097046314,350.7669720317342
7414652786136157471,993.0240720587308
7384658635915283754,623.2136750016037
7416886351141932331,636.8213935442525
7415422246107237662,402.54585013238625
7400901739760700715,3111.5872707958342
7409896220417740063,144357.15463037885
7425401813840481566,914.5079738830696
7390885698569522462,852.3387025939825
7407213087398432042,944.662548912928
7428803584482970911,1697.6520508356168
7392037595783367967,385.26539528189676
7422831079054232863,612.9211948613998
7423946528668028202,1965.6963747025745
7435145331588730155,1228.4318131624239
7393884164115696927,655.0758724690777
7404665414262721834,330.59796688852714
7402047185044458795,2195.248015513469
7434325592121642271,6971.636622353015
7393126972857044267,4300.0667311289035
7412104607666572574,1821644.0931575112
7407672624114896170,131189.86860410057
7408952916758809899,4618.6242836173005
7409841014501903646,669.5109698500963
7405814088690945326,1750.1697655579987
7420629384215661854,363.305063319281
7401216473135385886,6648.073381189451
7428744023260581162,20204.3744063126
7386074694400691502,876.0471501117489
7387551562073115946,721.9964710555452
7393887504690171179,1348.278133702561
7392423264657919278,1049.2755460477847
7429536359775259946,823.7820668435392
7413163210586492202,326.8926135024586
7418427343095647534,1283.654888948427
7427239519386193195,447.8026820141185
7410540471920938283,2622.7947496368156
7394240374769749291,1044.2436324204289
7435433515371580702,577.4872857556944
7397199518267165983,696.1202743762464
7391656205074189599,944.0884944894398
7425463730592320811,493.9189843951945
7424679155326815518,8693.870865902256
7390941776648965407,385.6521684832343
7384975315463884075,1321.3984345667375
7425404345899814174,607.4954079159847
7401367601827319071,2209.6448088592897
7424271137091243307,385.01524140442996
7427336346739674414,290.2988366078573
7402451370042789151,9162.855237424577
7419083184610020638,1203.8406849666446
7412050237235236139,10712.934541647983
7405366255747632414,25924.50403041208
7397236729285053738,771.6052711101756
7389401052308606238,905.3999565350513
7423587347909872938,1223.6459578609426
7405005366590803243,796.661186961257
7428021862732516650,734.0051395777555
7434684474476039454,1752.9903885735118
7427674700920196398,9270.859876460996
7427677617534307626,238.65412163548186
7414703870137584942,5880.8386967816095
7413968568519363871,3099.5734366899346
7420597085763947806,1757.2086528748957
7391707854668942622,2670.7235465194285
7387953457883335967,6588.892391221071
7393111566373244202,1018.6472672780931
7432862608870657326,392.9888166709699
7398746412248272171,951.0843533924856
7401269939644009758,791.2949712926949
7421325640093289759,766.6754393530523
7419884434129849646,46.30941341109136
7407986510944914730,1022.8593366332316
7391662152756579627,4481.714200723844
7409440263162072363,927.6126129953884
7392400438450081054,371.27926870392395
7412433549002902827,205310.60393602922
7392010362306006314,998.5687443891653
7428760018683546922,1432.0433365428937
7424299548216118574,1765.8240649337476
7403879404184538411,389923.3122441132
7392366393653464350,31584.75188501413
7414285673793948971,948.7386602504176
7428403503611039022,134629.2507111471
7403179709447703854,988.8021741716883
7395702380962057502,462.7495251073333
7399047017093270826,671.1765342241514
7432830428601404702,586.2249077119407
7420197994655403294,1293136.6550499722
7418363876762209566,1089.8907601903284
7418023249105210655,3776.798159452011
7414728859125337375,839.9890869573858
7415452173561171246,2094.437288161288
7415366432365579550,68233.78736743402
7410939575067020586,1584.9426412105934
7423567943436373278,768.3215416766615
7409100079493090590,1422.8536078724853
7400186775148285226,1827.40598416168
7405422242064043306,933.7726382183137
7390187715951611167,10033.830730854672
7388288757750877482,24105.64067341927
7389094506659941674,1073.9919542474563
7394256712141737247,603.4843337791029
7385005337599839531,20590.246981882643
7398318778544688390,960.5038489222023
7407572572998602014,11068.002850124454
7429510727162957099,19466.02447053178
7403889289056095530,3351.800647876959
7411366665675345198,713.7414763294364
7424684955181026591,772.9007654496202
7402046111126457642,553.0482515103107
7433987334225268011,618.3246516549057
7425019681985072426,962.6747083683698
7428748669303737630,582.5094338931219
7399109245708373279,1248.756198328148
7410641001276132639,905.5600464727199
7391994807121464619,2111.602398016442
7434697327912242463,802.2528608973585
7396894001615342891,443.00700407918936
7390563466207202606,2203.1480472390595
7407231198910582022,832.663444637245
7386444895021518126,794.0956208441889
7422797632474565931,3831.235085419094
7413896888467918126,728.0384386895981
7399116811528047914,540.8223355851158
7427326243256798495,1204.239575574871
7424668385394347307,88748.25615947245
7424734365705342251,481.419526255209
7391297011175181598,627.6085905251123
7399882442162572575,5116.2140244264765
7392753239709469982,141738.45705653893
7420240423731432734,594.4358781622589
7386479916658740523,46876.03192064359
7401671748116073759,618.6967170520495
7401349194927164702,985.8185729496024
7409808195377515822,15243.462877213255
7429513742691470622,659.2323227555307
7415841107038489902,699.8977005726694
7428449985798343982,17793.332139338625
7390884949538147614,789.4495668499125
7423565359329922335,4000.0894534217778
7396115594002697515,830.5170360831866
7398737483032169758,787.2646614427176
7415785975164521759,16457.4969421423
7391284620718804254,16222.568600565257
7407942572657626398,23646.295070237124
7428772005580786987,3914.7538170958824
7400572994130578730,717.9316047852461
7403887805530754346,1293.7496905442238
7403861678703660319,397683.5568054482
7432805940665109790,279.2132307490704
7397935923729763630,275993.59239085444
7387549450224291105,879983.2665563965
7422805796997680414,695.2406968023216
7402820144449326378,3540.6119455750368
7423905602075626795,1743.0775319940035
7394233244494892318,828.7507279900766
7429114678594391326,642.9102220703933
7392023382474313006,592.5327194699547
7423566376339524906,636.8408712197458
7384975234455194923,817.9260862574218
7391313412590013738,1095.1031430860623
7411314497425640734,747.7747227734973
7388300575768661290,876.7467653213455
7402459256424811819,921.4197839297578
7390955703168552235,2739.869501384004
7403555594726100254,717.732273507388
7394611721924594975,790.0814409073719
7393475101947268398,1795.8698405359398
7425077510485871902,870.411929990958
7415439420721057055,518.7546022691805
7419108535394438431,4266.818810874322
7410545239913499946,1008.5322724497414
7407601716838878507,502.455260938146
7427277291480239391,1751.9205726493863
7429494536948239662,1063.9721623187008
7394276654580763946,841.8741649981253
7415784315440713002,463.85541948163814
7390573434113183006,3192.5143242113754
7418363740065778986,3842.093944592853
7397247490451344682,632.4794613089549
7419885917193653534,832.4731620697464
7385409578894118186,511.79486738575275
7418391420458781994,401.2070340540788
7418047720272694559,347.30842777360766
7426142121813560622,425.70598584548685
7401282422483979550,494.67029043326045
7428392245440662830,602.1615499203662
7398712692954926378,3171.07724244631
7393184866998750494,1291.0115068508678
7426645205954219306,6745.566442332823
7392808241819913515,1901.5953669306002
7391713397437467946,1603.6418195565527
7392743370382380334,169757.40147292448
7421354261365263647,1053.8326863478383
7425397323137682730,502.9438585244268
7427309396188777770,1399.453478643875
7433201211123191083,5018122.810631283
7422043647048207646,2064928.7424736123
7398333365394410783,2085.9546238151056
7400926389282606382,851.6066482888474
7411698199473311019,70164.08605785664
7394637768917355822,1817.8220457704647
7423977308807040299,3884.0800516403438
7434737854028221739,1572.222487393654
7417285567152393503,375.2711750626613
7405371741486271775,1280.2892873662481
7423565447615794475,1297.9064335771068
7384246234141314347,816.7532910712981
7415010112009555206,938.8989162900161
7404675602680122666,638.1185726975098
7414296285257141547,614.8165150811244
7390523524328213790,858.8431132004733
7434006204269055275,3594.0573821117805
7392404524104764703,539.7066652309693
7386432525863750954,2404.7258494514112
7394238013087255839,2134.5390803972277
7402033365307886894,771.170155970646
7433273614125763870,1797.398657394618
7419877697960070405,719.9725656970155
7403907021793283371,1440.1816766343438
7406146974061268255,2092.7709216308867
7419107614576889130,913.356263297225
7410549605781343530,821.1126313463402
7422871160758619422,329.72257248304265
7421681017888460075,501.076854040758
7384628990734159150,1784.9210408654458
7402379869973220651,817.7343277167721
7406476381699312927,838.3649627771406
7403885303758540078,345.1591133616641
7412397724315684127,663.7869077870962
7425072780091067691,1296.1960051931014
7416193458890755370,1023.6768198496086
7392759647817501983,5202.224340704335
7391618059313712414,481.0756382440196
7413523453179071790,1795.1938940761736
7409141282305477918,1542.7544160757038
7417962764951358762,1117.126093029932
7428365177038310686,1431.9668405493876
7426173028536519967,1350.597645067579
7426534529239747883,679.9788937329408
7425804025683070251,2439.0798016214803
7395001965681429791,9659.714444667296
7414304552649821482,1670.4455448046365
7397633175498886442,697.9804071791277
7401309447311723819,1715.2216824105221
7412420268628413739,803.6594079422367
7425810821743234347,24433.840789728354
7419469291398991135,524.2348025504793
7419920115715575046,829.4070972718373
7395797472355929374,2295.5003965740857
7410546208587910443,7325.111626896797
7426537411099757854,972.7133564212113
7411309505944014126,5328.747368681591
7399511829287849258,1081.7271270713659
7392456452159425834,523.5164726260798
7410928245186530606,15819.634273516353
7422806393071340846,7583.256058081338
7425473112986127646,1447.703610440094
7392789739352460574,665.686797432559
7422117280181407007,691.6656612290461
7429556138179398942,1418.3941308485455
7414270354371169579,1606.3875248598329
7387972373737164074,799.6622372118798
7404303303523323178,364.54138619212057
7399794064985525535,555.1357994024154
7423575228766342443,1302.2453402391434
7391272165951212842,446.2199955761458
7405785138220551455,863.8975155450944
7420208140328881454,312.3349517897969
7421726215226117406,789.3057760300561
7388695922991009066,1297.040762434746
7407573631355669790,1152.4043901727657
7414287083763813678,1021.7489012021342
7394592740350397702,791.0701233623582
7389766090827582750,778.1550272380246
7395011225014340894,5735.647026672086
7394982302985522474,756.7861045879657
7385715521993461035,664.1347524720168
7403963843250048286,20665.622019105675
7426555081799028014,514.9089231798389
7399798481210150190,3569.597570808653
7408313822072589611,1689.0310696345623
7415087716926229803,47453.58457791122
7434751498032041262,510.712299754847
7429120050323377451,661.2522520305739
7399074442372042015,573.337760903527
7390950304927190303,430.7380804572621
7413979982831111467,1381.1352429598433
7385032194659519790,16660.81968362802
7399130711396994350,33985.68304915919
7426131866073369902,710.2056769564774
7410977040255520030,2551.922302786577
7403215844567993630,2263.7207573148225
7415382715802914091,554.2721360973895
7424323460253355294,137.9667105018202
7401636916422233390,3678.3836255073825
7424343569210625323,673.8445000344234
7410919058075323679,824.4585110390576
7417962335760862495,889.9456762659427
7414652824337894698,1629.8175211272096
7435505012756811051,2322.8951352717845
7426509863552830750,939.6003972311102
7384650426488163630,1194.39865629153
7429130221267471662,304167.10035597463
7417220970450275630,426.57016810516035
7433993027749694751,6912.00312388035
7411321398553005355,14905.581999150336
7422070036170313006,375.34415989589104
7399439888107490603,690.5273914923404
7387946037543030047,1612.1592820377612
7395347777754107178,4204.751018253575
7394995129813077279,1388.085259658712
7434688133653941534,2219.255060089221
7395335796217171231,43622.551061637954
7393872571625655598,2970.024747053764
7386820448887115039,1777.9791884717713
7415773987801746731,1005.6481785523812
7426127455632624926,17143.151123682837
7394593932732075294,978.8031127905065
7408399626933521695,584.059792823906
7435450968231169323,715.1205395062223
7384958968801643819,205847.50459401362
7402440601930648862,720.1689087967608
7391684930637434142,651.9374908581558
7420628578267614507,1108.6629074544035
7400175078136237343,61712.43106909131
7390174496969313579,568.166984166266
7415091474326392094,872.4025502729173
7390949881034083614,1304.8550786085152
7418407990132264235,2500.9360740588363
7402014563706703134,230.80283918173308
7409077490536451374,19974.999916795594
7397223601818193183,806.3729188498058
7420934047406345514,1755.9517144144781
7413973540946447647,1219.4141708426553
7397216429583387950,3641.2006026941317
7434351818521546026,882.9211672488951
7405811640848977194,619.079037144447
7425835742619897130,561.5994556825392
7419116935801081119,685.4893115077133
7413927073997229343,4493.225134861725
7415806527010884907,2101.8900859052856
7433223089904962862,19280.14361689645
7399477175247736107,596.7726050603568
7389762134814510367,580.01401564184
7425061552123809055,349.4612201443437
7428789083301760287,2336.736739805126
7392799139525905706,525.4730906209887
7412041596411055402,700.7888139765273
7420634230360771871,240848.45070671535
7400547092852231466,3837.9274643577933
7422838420533185823,1006.1885715653268
7394628134496111915,4047.188623615554
7389759003435322655,618.7595206001668
7402811680847187230,1231.5977458079083
7409089860654370091,852.8045257694938
7394296628699499806,5342.789329941959
7421026940259241258,398.8213440603613
7420219389502590254,6559.164076707518
7391702047705419051,693.0887650401143
7411376323433663790,1106.0141010550442
7387568878630554911,1309.3874617768902
7414728041760361771,693.7718594466256
7411282557955902766,288786.9145098946
7406129827213970734,1600.3029817000584
7412479882413739294,507.35378479864715
7389833470991895854,872.2802544018956
7417682275447508270,1784.298947937967
7415829781188496683,271.8369428029006
7390575846794300714,3031.9099579567765
7385734873874435358,456.0680717240036
7420532840263093546,117547.44311476646
7420253717339065646,510.77415297857306
7387619489321323819,712.186774762284
7407987450754108702,12478.776574635274
7405771667294702891,959.3437111873025
7409839206001921310,8834.119172343333
7426877895395511595,1935.3160971623172
7396847273331805470,3532.097903891043
7415098182683692318,380.15510094059437
7396132135070993695,16988.3471924059
7415062399251746090,1860.1320060405906
7410603768137436446,2055.9148631855646
7417236381262662958,1076.900796361777
7395021725181709610,4688.147232197394
7389790968330849579,4237.051658449017
7396847794872585518,75253.5954035614
7404696080832711982,2410.7521066799195
7409434203864960286,5111.252184087817
7412406045437332779,193.18683021820857
7384996826140675370,107175.08073398456
7384177529092951338,12659.656395938273
7402829820079377706,797.3145098645848
7434698104529636638,540.2306220201847
7414354779746520366,699.1537514534806
7426904506631195947,7625.05842371812
7433636212595821867,8113.191344143303
7397946877745941806,3484.847004448144
7421323513392500014,25692.61571734995
7413602348443979051,545.5027416242867
7428420588592565534,797.1058472097537
7418775394477690142,772.0750512949072
7405074231429434666,2317.5920100285907
7384244962147224863,2258.0129095090497
7425098600004259103,525.6478742113669
7408029716524829982,313.1229099884006
7434306667946216750,582.1209710482556
7400568327317376286,2827.960793714994
7386105612838407454,362.29208732608134
7402764467605474603,508.3898086021828
7435144045095046431,1013.6660130846086
7426892737326124330,1164.3631037748985
7396900133901765931,663.126296245105
7411662092454858027,96493.23415117706
7395048856699931934,3116.6874100970867
7415782991638646047,1025.8229990397876
7405775275440622879,1074.4408754746187
7417594077740272927,1676.876431354094
7434746174243949867,898.1886126979921
7397989392343633194,7911.41638197918
7400575752732757278,1322.3445276021453
7395727035122928938,7557.295743364418
7385040354476723502,654.1418364516636
7418359889262677291,22710.83764436509
7419476934427528490,25463.7350005219
7400546820079881515,664.8523054742931
7413904215707274539,773.7139717144847
7404998521616829742,920.5127435123716
7426577289946828078,3222.9996285801426
7403922131957927211,726.23561783946
7407944191050829102,1522.754729973208
7403561005999197486,721.8493656039242
7389105842294918442,903.0684132885984
7422064119609560350,445.9917274543266
7421322222842858798,1088.0544991555334
7399130715872333063,572.4566179811309
7409503720368688430,50072.01814517693
7395364013825150251,528.5896557620715
7413141517268749611,1108.3687195492391
7397207203486256427,692.9479552204914
7396916759581723950,601.4902049712339
7387602190556286250,1070.412173048001
7415374934987361566,620.1552530145774
7393109796469181738,798.5241427949221
7413586858757737770,1137.8604379719102
7395030877329280287,6039.101942802374
7420974792897056030,504.59345029241905
7392010755287158046,1240.5800577984248
7404310282740305194,2103.7044646337604
7390523393218465067,135219.7148740583
7384628081870245166,2693.1112635671825
7404271436468292910,401.9522928259412
7397182928503016734,795.3351118728951
7405423723009805599,845.7182366191989
7428453037666012447,1614.4232952971336
7401715606006861099,527.3367208585211
7387194466446232874,631.5719139983843
7401653302292712747,5669.729524138786
7410067510256586014,13013.0463583093
7428046001941875998,583.8371618028764
7425790763197304107,1540.8821454012104
7397249940738641183,16617.712434402383
7407267518143810846,643.1557445282916
7398711093570424094,315.66446506874826
7433935270132731178,280.00442498692865
7421361063314165035,1224.5026428403976
7432884101369171242,800.79031847989
7435062566386208042,115022.97013782234
7427984750708641054,914.4858846648461
7403553346818264351,553858.8329997674
7423624614137433375,820.7300692293063
7419826217752235307,846.4274362226862
7424366271946296606,569.3680971799292
7386823742179036447,622.5409259505788
7411296399871986987,1262.8275304679398
7424660409610767658,4318.3172973019655
7427320815466630446,3530.3906967421576
7390593407628102958,328.33377909002786
7384222971503643935,1530.9086259229534
7391274577176857898,443.1706241943707
7398763861739851039,692.8350733644917
7419480557064572190,2187.5513386852017
7433639541220625695,3306.639672419755
7405787979882450206,600.8226254222155
7393870462691921194,1836.9717926091132
7395712868814982431,630.6025047464512
7405396096056380702,439.7152883104537
7417253919266508062,674.5385189450262
7392809026574241067,1048.6493043664993
7414345393607118110,1671.7599684431414
7399813193058536734,622.714290000222
7391641386103180586,1939.6035241020286
7384215709175303467,587.6775066735565
7420255519769726251,1319.8247232700555
7407238514791714079,20408.285720223208
7403956966105632042,787.9958736959799
7397925631989910830,662.782504820438
7426504778697428267,1323.691768168474
7422103375547780383,563.2203756288691
7405758071080865067,7918.910171718301
7424314072436346154,561.0050728024813
7434352135715753258,38916.08050555978
7427983673896471850,306.90729202662556
7417995856667856159,1142.7400543401022
7421364191363157279,419.4147592506277
7433621400809721118,520.6640316056923
7422799659157949738,119995.89386104714
7394503051006070058,6500.549902532848
7410608286975773994,720.9826432403281
7408705219636350238,719.9863320019795
7402475307711614239,1128.547065390784
7400953027705720095,16620.188173305913
7417667212971871531,1027.0345686419316
7390583781482073390,228257.10663791726
7400991550794206510,465.81393162503946
7404670311439797512,295.9630960736062
7389030163775802670,581.365671606915
7425412958114565419,7555.279990570149
7393125863388106026,687.2306463921474
7393488937379007787,2125.8723038425687
7394981392234351914,1166.466441327556
7392408974978633006,533.1010380123997
7391295919955643691,699.8314203449874
7415389048744742174,754.5104057930537
7386433041842867498,17664.408670788616
7402104921715182890,1074.9459181301027
7420250489054399774,531.041107755764
7405719824472771886,1034.95338711151
7413515026398448942,740.3579514637082
7408693604736093486,713.1507757071493
7410577958945213742,1431.0638534466166
7387977599709973790,931.6256463099339
7388339268659285279,4683.403295177016
7429488993735216430,577.5348312675585
7406111082701540639,1700.476527269715
7410638715850132766,1448.1053301419856
7398303833174052127,792.0812641375456
7404676802074955038,1105.4674576714328
7413152220520189227,269.7746038222362
7385685381670309151,19780.24691510961
7398680462928907562,1682.6924165113262
7415070418379361579,1194.5170636049154
7415379190825962794,1744.8747430076871
7418426771290197291,1991.1764296281997
7401366086882446622,45832.15487008358
7390132937213234478,1251.624683860381
7393863251278236958,750.5350955519971
7409156415337549086,540.8155932590201
7411687727206370565,4583.11687084581
7427650044528102702,14355.080492834051
7392028351105469738,2712.4141275540264
7409113777397845278,2038.4347637258375
7425801710494289183,2073.6481880643037
7390971737870978335,1435.1527776848648
7389042384044133675,4216.302090735369
7408025601296157983,519.4729833888144
7428029867456793887,656.0656364118864
7395042696022199583,955.0961435388073
7426559630605585707,512.0916508768324
7422047759345290542,781.5299391842804
7387571071106452766,709.4398714790983
7412431829036272939,535.9830589488832
7419097685698907422,5613.851025543888
7435054873424448799,800.1874367828165
7399497723420020014,792.3083322923327
7386832410144509226,4775.8050146778505
7397607270172986654,796.3405169927478
7401283645484453150,526.3025572375807
7384986591766498606,831.7799572362508
7401326802653760811,760.223078914511
7390182466851458346,19893.891797629938
7433964973220547883,8120.5472979571605
7411312175005961514,21739.885443739975
7409155770203245855,454.4397143981342
7428024565424590110,381.47508056870674
7421334057016904990,5790.782496389089
7414653124926835998,732.0252510770868
7396469033534573855,384.17695681567926
7385714775470214442,1451.899257190606
7396153835502243078,2415.7970051204957
7399830816072715563,735.2694413231521
7426201561354751262,339.6120838598995
7435116170954542378,372.0576642090742
7389018811032227118,2939.2163358998996
7393164226103184686,497.479092646169
7422847051060235563,610.056475649083
7385739143155911967,1264.72551724778
7398715259399310623,424.92717129104415
7424286338498710814,145001.66185858753
7429548979001576734,758.027818161378
7418706873316166954,18222.230549410495
7411011085492374826,543.1591419630631
7420569432470179102,948.258299948595
7393495679752080682,612.3292671875266
7407591424826330411,35752.67939441416
7427331543414115626,31243.84837706463
7388735665803939118,681.9551695854088
7401705067717463338,476.7832278890939
7402465850764119342,2113.499005715091
7404233930360081695,850.5805625442125
7425405465346968863,358076.0540238035
7384268286478961963,1225.9200001101888
7394220417432489247,82207.69307572674
7418794472605060382,612.922477175946
7387264972746771743,716.0991719880712
7400627157136985387,1023.5761769766818
7398690626209877290,3517.19703611877
7396508112410234143,13587.035752281889
7386822923509681450,16882.118525826092
7413887679235902750,1216.1891810004113
7423543226662997278,1084.090406978939
7403501553912532270,82258.01185341991
7400200043073948971,1353.338360354365
7419462744371662126,1720.3634729710852
7394985085138685214,409.49563059234964
7389442116524576006,4165.022428463141
7389426539928014122,1646.38338998017
7433243865911397663,298746.20402233687
7396091979941055790,1891.084514124714
7389810738694491423,5054.319635539439
7393182645661846827,1738.076955450613
7403180293621878058,1840.8116616681978
7391642736333507870,1101.4448391351357
7415075881254800671,830.3335198519535
7403205645500992810,3657.803419411601
7386821720834903342,741.1159500968846
7429117403713277215,1385.3232131281163
7393885728083545374,920.7648150724086
7407673307933199646,10796.272031170836
7401263255882157354,373608.7381304498
7417646560625937707,209.19875478316692
7387982409435761963,1149.0857152077228
7423197632501239082,1361.1753534109373
7392405826482441502,28555.355058020436
7409098773156138282,56200.074824160176
7402400321349094687,787.4723939555512
7404985500823604522,7435.128151909823
7390141646425378078,673.6449611878782
7409099055852440878,995.1523666629967
7402811882513501470,805.4054727001961
7429139506273570079,1497.8814692499025
7404990186536389918,16465.443553251956
7429141481102871838,405.29643393797875
7403536376764976415,1146.7531150468214
7432846600185171242,2975.2785549984214
7399093323484482846,1934.832647273142
7397940252259781931,813.8936895361427
7435467370174663982,561.7221854808984
7395751963989789982,3482.123871097049
7410872449270566175,4597.057817439901
7384955766727314719,990.5077178817737
7402452533760871710,848.5869171384566
7400985690684591402,10369.158350797472
7396915547872464170,29954.699712362235
7395781228487593246,458.548877556732
7397558528992398623,1044.4247205159184
7396084910055804206,242375.8493387765
7411284322440826154,1124.9678380737105
7388684143795719466,1157.1326870798298
7406527129829084447,1523.8407990988292
7402075471078346015,27956.6880073805
7415766063951924523,655.2030109982451
7394254935401041182,727.3216197786164
7433290902900051231,134.91128683144854
7433291301946215710,966.6636605562787
7390885619674778910,836.4134870324461
7387927824692284714,1938.7357256098376
7395797910517992747,1084.937390210692
7395707047188139294,1108.3454189485842
7427621655494610222,1492.2424435059297
7409454663973522719,880.281500504854
7422058982417763614,868.0952000653581
7400568243666210094,3135.684551718197
7396880238975651102,623.1762031124733
7426553863844547871,1198.0691760951806
7412415480448699679,491.4594379524495
7418010790654938398,15572.350596417218
7408398515107286303,1830.1667681376775
7392411611270565150,3443.691662580175
7420236162209729838,1305.7501127507596
7407579149717507370,853501.9906162757
7404645857737329951,709.4327706312145
7402388655412907310,828.8589024136141
7427668420923018539,503.47015758686666
7393871185320234271,6461.869609962092
7405781010484333855,11595.857828331318
7420661047238888746,761.5775060911493
7397558101219560710,1477.1551747495819
7425822115888139566,3299.7733933143436
7395333920432180486,1334.5354149918849
7404271536078605574,8112.89401486359
7404628338523819294,17233.87949015717
7402378671798914334,1241.574527072801
7405385756845296927,827.5835168172675
7432898291513265450,1046.2926445393555
7397193857647021354,10889.200022840161
7423256022145355013,594.542792304571
7396889460236930334,805.6408794320813
7426212771651570990,2908.4786539745155
7386080345180884255,996.5806206107828
7393848827318390046,852.4684152541164
7425762074661326123,1394.8825077137399
7399079724623957278,585.6126802370588
7422084993142361387,554.746176537923
7391299849964244270,309861.4650398139
7397238971648019742,1888.2268925643828
7393132932124364078,495.69976566573575
7413891095492332846,1452.8832342630976
7395726327942303006,676.1321459705119
7428439199319133471,21478.053255572606
7398675865569135915,597.6505591944695
7432846427950157099,30215.222817091395
7390519295307975967,579.9675234034048
7421780641076792607,2808.51837558334
7414318888621591851,5997.984100661035
7419883383829908782,1053.757169163937
7429098654780247327,1237.1673452346433
7386471720183532830,1023.7125281447182
7434768870398905642,2103.9818847007878
7406094288574090539,1598.6839819174352
7390157210262752554,2839.1689751367885
7390539514910887211,29200.405497234453
7397941061592567082,7424.077086598654
7390958580263816491,46501.06655883321
7400231177900002602,882388.1573533718
7408393297476980010,212096.21509350202
7400909681876553003,963.0779579563468
7398009986967751966,339.5196724357704
7386092848254340394,8399.474490784482
7415766593763937566,955.3036359828661
7413206594357415211,2154.2498263250677
7410547298008091935,750.5455635329157
7405439946170846495,731.8485721132128
7409526103712222495,4903.187781789825
7410202833171074324,2306.024619852018
7414655896195763487,383.26620030083484
7434012629510704415,1995.9954975077662
7404303508939296005,756.576386238389
7414640331418766623,9788.452014537579
7385753698322107694,711.4897168966351
7396450490755599646,2700.9872917637636
7394227114775711022,836.2577987245871
7408706357488127262,12082.882190949318
7402665178577243423,870219.3026459535
